id,0_female,1_age,2_num_chronic,3_married,4_urban,5_hours_tv,6_hours_sm,7_num_sunny,8_avg_temp,9_close_friends,10_worship_days,11_years_edu,12_employed_ft,13_income,14_happiness
1,1,50,1,1,1,7.2,7.9,136,55.6,8,78,12,1,117517,66
2,1,68,4,0,0,7.0,5.5,104,54.9,7,22,16,0,102455,31
3,1,60,5,0,1,11.4,7.0,132,60.0,8,55,20,1,73042,42
4,0,24,3,0,0,13.1,5.7,139,56.7,5,0,10,1,103444,32
5,1,30,1,1,0,6.1,1.7,108,64.2,0,73,10,1,84582,60
6,1,26,1,1,1,3.8,6.2,110,53.2,7,64,16,1,133068,47
7,0,39,4,0,1,9.4,2.9,106,59.3,2,42,14,1,70752,47
8,1,63,3,0,1,12.7,1.5,117,52.1,3,31,12,1,106305,40
9,0,49,4,0,0,17.1,7.2,117,52.7,2,27,12,1,99732,46
10,1,71,1,0,1,18.1,4.9,129,53.3,9,101,16,0,41811,57
11,0,77,1,0,1,9.1,4.5,143,59.0,1,65,18,1,82791,47
12,0,34,4,1,0,5.4,1.6,99,52.8,5,19,14,1,145274,57
13,0,46,2,0,0,7.4,7.2,124,50.9,4,18,16,0,61393,34
14,0,28,4,0,0,12.0,7.5,90,57.7,5,14,14,0,96927,43
15,0,43,5,0,1,9.5,7.2,93,43.6,1,39,10,1,74649,45
16,0,36,3,1,1,2.4,4.3,85,58.3,1,1,18,1,139334,42
17,0,27,5,0,0,17.3,1.8,142,61.0,3,31,12,1,67557,29
18,0,21,3,0,0,10.5,6.2,115,52.9,3,64,10,1,73339,60
19,1,30,3,1,1,11.2,2.4,122,53.7,5,91,18,1,121579,53
20,1,35,1,1,1,17.6,6.4,128,64.2,6,59,18,1,68981,59
21,0,61,2,0,1,11.5,4.5,84,60.6,2,27,12,1,99952,31
22,0,28,1,0,1,14.2,4.9,104,63.1,5,26,16,1,100574,27
23,1,41,1,0,0,2.5,7.8,104,56.6,6,25,22,0,94534,34
24,0,26,1,1,0,9.5,10.7,127,53.3,5,63,18,1,79862,48
25,1,41,1,0,0,15.5,3.7,119,54.2,7,59,14,0,77206,30
26,1,43,4,0,0,11.7,8.3,128,51.2,7,96,12,0,24355,56
27,0,41,2,0,0,7.5,1.8,113,52.0,3,37,18,1,86258,31
28,0,32,5,1,1,11.4,1.5,118,57.5,3,0,18,1,115283,30
29,0,38,2,1,1,10.2,4.2,120,48.8,5,15,20,1,94799,47
30,0,63,1,1,1,9.7,10.0,136,54.3,4,21,10,1,104055,53
31,1,26,0,1,1,6.2,4.0,130,47.2,7,116,18,1,96887,49
32,0,27,4,0,0,8.0,3.8,148,57.3,2,37,10,1,98435,28
33,0,26,2,0,1,14.8,4.4,108,59.8,3,0,14,1,113972,37
34,0,34,0,0,1,11.5,2.1,131,48.1,5,88,14,1,98181,38
35,0,52,2,1,1,6.1,5.5,99,61.8,0,25,12,1,136446,35
36,0,39,3,1,1,12.2,4.8,130,57.0,4,31,12,1,89699,45
37,0,58,0,1,0,2.5,3.4,105,52.5,5,7,14,1,135782,67
38,1,26,0,1,1,3.2,7.3,104,58.3,8,33,16,1,123665,40
39,0,38,1,0,1,11.5,4.2,110,53.1,5,24,10,1,85222,50
40,0,70,3,1,0,7.5,3.3,128,60.2,0,48,20,0,39001,50
41,0,29,4,0,1,10.8,7.3,109,60.9,5,48,16,1,64011,42
42,1,42,3,1,1,9.0,5.3,118,59.6,4,87,10,1,119502,60
43,1,80,0,0,0,9.0,6.1,127,61.4,2,65,16,0,44491,44
44,0,67,3,0,1,9.8,7.5,171,51.2,2,41,18,1,132023,41
45,1,53,2,0,1,7.1,5.4,110,54.4,7,64,10,1,64806,58
46,0,68,5,0,1,7.4,4.2,120,54.3,5,36,20,1,70305,35
47,0,55,4,1,1,10.5,8.2,110,60.2,4,28,16,0,51875,49
48,1,44,2,0,0,7.0,5.0,103,46.9,7,99,16,1,84662,53
49,0,50,2,0,0,12.8,8.6,152,50.1,0,35,20,1,121747,29
50,1,68,4,0,1,10.1,3.5,142,57.4,6,0,18,0,48474,42
51,0,51,4,1,1,12.6,4.0,109,48.8,3,84,12,1,143331,66
52,1,67,1,0,1,17.7,2.7,128,58.4,5,60,10,0,72687,52
53,1,38,4,0,1,11.7,1.5,135,47.9,3,51,20,1,116622,50
54,0,33,2,1,1,4.7,9.0,102,57.9,1,38,10,0,104688,35
55,1,23,0,1,1,14.8,2.9,85,59.9,5,62,12,1,72818,44
56,1,59,3,0,0,1.5,6.4,152,56.5,8,63,14,0,39710,30
57,1,55,3,0,1,9.3,2.8,142,55.7,5,69,12,1,56513,33
58,1,23,2,1,1,13.5,7.1,146,54.1,9,30,16,0,98821,60
59,1,63,2,1,1,11.3,8.2,143,65.7,8,67,18,1,130033,62
60,1,57,5,0,0,9.4,5.2,76,53.9,10,38,10,1,101178,61
61,0,46,1,1,1,9.6,5.4,138,62.9,4,44,18,0,110822,54
62,0,76,4,1,1,8.6,4.7,123,58.9,1,28,16,0,90235,49
63,0,51,1,0,0,9.0,4.4,93,54.1,0,25,14,1,130281,35
64,0,64,4,0,0,5.4,0.4,87,62.0,5,10,10,1,130338,46
65,0,27,3,0,1,14.9,7.1,109,55.1,5,0,18,1,122406,47
66,1,67,3,0,0,9.0,4.4,102,59.4,6,126,12,1,55472,43
67,0,51,5,1,0,16.1,3.3,136,48.1,0,74,18,1,114695,52
68,1,37,3,0,1,13.4,2.1,67,50.9,2,56,16,1,119731,47
69,1,33,5,0,0,8.5,6.5,109,51.0,5,83,16,1,92019,59
70,1,42,3,1,0,11.0,5.7,159,46.9,7,56,16,0,74626,61
71,1,57,5,1,1,7.6,0.5,140,57.9,4,88,16,1,109695,65
72,1,46,3,0,0,6.7,3.8,114,56.2,1,92,10,0,92713,34
73,1,79,1,1,0,10.5,5.9,116,57.0,7,82,20,1,110575,72
74,0,51,1,1,0,16.9,4.8,125,60.1,3,62,10,1,73424,40
75,1,52,4,0,1,0.0,5.0,112,64.5,9,101,20,1,89188,33
76,0,28,0,1,0,12.5,3.8,102,49.3,1,20,20,1,122836,41
77,0,59,5,1,1,20.1,4.0,124,51.8,3,60,12,1,76451,57
78,0,56,0,1,0,10.0,4.2,112,50.0,1,7,20,1,120743,36
79,0,67,0,0,1,5.5,7.8,109,51.8,5,37,18,1,116578,56
80,1,71,4,0,1,14.1,5.3,95,57.5,5,66,14,1,116990,41
81,1,65,4,1,0,7.6,6.0,120,58.8,5,63,18,1,74048,55
82,1,45,2,0,1,13.5,5.9,151,56.5,4,136,12,1,108342,56
83,0,27,0,1,1,6.2,3.9,129,52.1,2,12,16,0,44952,48
84,1,42,0,0,1,6.6,7.2,81,52.2,5,110,12,1,134499,63
85,0,78,5,0,1,12.5,2.3,105,55.2,1,38,10,1,131262,36
86,0,54,1,1,1,5.6,4.7,142,60.7,3,43,16,1,102374,36
87,0,80,1,1,1,12.3,4.7,140,61.9,5,18,10,1,73264,45
88,0,69,0,0,1,4.1,7.8,104,59.4,5,18,14,1,59326,33
89,1,50,3,1,1,14.7,7.6,126,52.0,6,94,16,1,131825,53
90,1,75,3,0,1,18.1,5.6,132,54.3,3,0,18,1,124974,29
91,0,27,4,1,0,10.5,1.0,144,54.0,1,64,14,0,40077,46
92,0,34,0,1,1,19.6,4.9,123,51.7,5,7,20,1,150270,63
93,1,72,5,0,1,13.0,7.7,172,59.3,2,93,12,1,68204,49
94,0,69,0,1,0,13.3,4.5,74,61.5,3,34,16,1,102484,41
95,1,47,4,1,1,5.4,5.3,100,56.6,6,0,14,1,109057,62
96,0,64,3,0,0,11.6,6.8,126,51.0,1,43,14,1,77254,26
97,0,35,3,0,0,10.0,8.9,127,60.7,0,37,14,1,63957,40
98,1,66,3,0,1,19.2,4.1,153,64.2,5,48,14,1,114860,31
99,0,32,5,0,1,17.2,5.8,107,49.7,5,0,14,1,141454,42
100,0,47,1,0,0,14.0,6.9,136,45.3,1,5,10,1,105750,49
101,1,48,1,0,1,15.6,3.4,96,61.4,5,77,20,1,126431,48
102,1,54,3,0,1,12.3,7.3,126,53.0,7,39,18,1,126430,47
103,0,56,5,1,1,7.4,5.9,129,63.8,4,33,20,0,101531,48
104,1,80,1,1,1,15.0,3.6,108,50.7,4,72,18,1,71345,40
105,1,37,2,1,1,7.0,3.7,114,50.9,10,0,20,1,120547,66
106,0,68,0,1,0,7.2,3.1,127,50.7,2,66,12,1,136064,66
107,1,27,0,1,1,4.8,3.9,139,56.4,6,82,16,1,82707,61
108,0,79,4,0,1,13.0,6.8,128,58.4,0,47,18,1,81066,43
109,1,70,1,0,0,10.3,5.7,93,59.6,8,23,14,1,88548,37
110,0,44,2,0,0,14.8,5.2,106,53.3,5,42,20,1,69862,29
111,1,49,1,1,0,6.5,1.9,140,57.5,5,68,10,1,107625,50
112,0,30,1,0,1,8.6,3.4,110,51.7,3,26,12,1,73887,53
113,0,30,5,0,1,14.4,2.9,122,62.7,1,53,10,1,93346,37
114,1,50,4,0,0,7.5,2.3,116,53.2,5,34,12,1,92224,53
115,0,41,1,0,1,9.4,6.7,151,53.8,2,30,14,1,62687,28
116,0,61,2,0,1,9.3,3.6,120,62.2,1,26,10,1,83775,35
117,1,40,5,0,0,9.5,3.6,102,56.9,3,122,22,0,80380,41
118,0,33,4,0,1,11.1,3.9,124,60.3,0,38,14,0,26643,38
119,1,36,3,0,1,11.3,6.5,102,66.4,2,24,18,0,36926,31
120,1,47,2,0,1,7.1,7.3,101,56.1,6,54,16,1,97133,48
121,1,57,0,0,0,13.6,5.1,118,67.1,6,38,12,0,102109,39
122,0,51,4,1,1,9.6,3.7,116,65.9,4,43,12,1,133953,48
123,1,72,1,0,1,3.2,6.6,91,61.6,7,23,16,1,77487,33
124,1,30,4,0,1,6.8,4.4,120,56.2,3,56,22,1,141554,55
125,0,52,4,0,0,8.1,5.5,101,50.0,2,60,16,1,68529,47
126,0,65,1,1,1,10.5,7.8,104,58.3,2,12,20,0,57243,41
127,0,58,0,1,1,11.9,8.0,128,45.1,0,2,20,1,98301,41
128,1,31,2,1,1,12.5,5.7,146,65.3,3,26,12,1,64275,54
129,0,33,2,1,1,7.5,2.2,99,55.7,2,34,16,0,99427,33
130,0,67,0,0,0,8.9,6.6,145,57.1,0,0,16,1,63805,31
131,0,34,0,0,1,11.7,4.9,148,58.6,2,26,16,1,106659,34
132,0,27,3,0,1,9.3,7.6,136,60.0,0,0,12,1,57019,38
133,1,20,0,0,0,13.5,2.7,108,57.0,5,0,14,0,88455,30
134,0,41,0,1,0,12.3,5.1,164,66.3,1,68,12,0,69545,64
135,1,64,3,0,1,8.8,2.7,124,62.9,7,56,12,0,30594,48
136,0,31,2,0,1,12.5,4.4,106,61.1,0,70,16,1,143860,36
137,1,80,1,0,1,11.5,1.8,144,56.7,5,91,14,1,74136,40
138,0,23,4,1,1,6.7,2.9,90,52.0,4,36,16,1,122298,39
139,0,56,1,0,1,10.9,3.5,130,65.6,4,30,12,1,106021,55
140,0,64,0,0,1,8.9,9.7,148,59.4,5,28,10,1,76525,30
141,0,30,0,1,1,11.1,6.1,88,61.3,2,23,10,1,84414,42
142,1,78,1,1,1,9.2,2.7,149,60.6,1,77,18,1,143546,39
143,0,34,0,1,1,6.1,4.7,88,57.9,2,59,14,1,90600,56
144,0,69,0,0,0,9.7,7.6,136,60.3,1,93,20,0,34342,42
145,1,77,4,0,1,16.5,4.5,118,59.0,7,54,12,1,132906,54
146,1,71,4,1,1,8.6,3.4,129,58.9,6,78,20,1,130787,60
147,1,46,1,1,1,12.4,4.9,109,58.7,3,59,18,1,125810,39
148,0,44,0,1,1,10.8,3.6,81,48.2,0,31,14,1,120087,42
149,0,40,4,0,1,10.3,5.3,113,55.7,2,34,14,1,70972,47
150,1,49,2,1,1,11.3,4.6,91,59.6,8,39,20,1,73523,50
151,0,21,5,1,0,6.9,4.3,121,57.6,5,11,12,1,93662,46
152,1,25,3,1,1,11.8,9.2,95,42.0,7,0,20,1,89322,42
153,0,73,2,0,0,8.3,4.5,143,47.4,5,14,18,1,78453,40
154,1,33,3,1,1,0.0,2.5,135,63.8,2,47,16,0,50986,44
155,1,30,3,0,1,7.4,4.6,147,56.4,8,15,22,0,41920,48
156,1,53,2,1,1,11.9,7.9,127,46.4,6,62,10,1,62644,52
157,0,25,1,0,1,6.1,7.2,101,60.9,1,34,10,0,49118,51
158,0,64,5,1,1,4.9,1.0,101,57.3,1,62,12,1,72025,38
159,1,40,5,0,1,14.1,4.5,111,52.6,7,64,16,1,100369,33
160,1,34,2,1,0,20.3,8.3,90,55.0,4,120,20,1,73720,52
161,0,50,2,1,1,14.8,3.9,93,56.2,4,2,20,0,56647,58
162,0,72,5,1,1,7.5,4.4,168,54.7,3,55,16,1,81973,59
163,1,73,1,1,0,10.4,6.9,128,59.1,6,60,14,1,67648,48
164,1,38,4,0,1,11.4,6.0,135,52.7,8,57,14,1,73583,54
165,0,47,0,1,1,16.2,6.7,123,42.2,0,0,18,0,96786,45
166,0,61,1,0,1,11.2,6.3,92,56.9,5,12,20,1,74377,51
167,1,56,2,0,1,12.7,0.0,152,54.2,2,0,18,1,77276,32
168,1,37,1,0,1,13.6,7.7,136,57.8,6,109,20,1,125573,41
169,1,46,0,1,0,3.5,5.1,103,53.6,0,131,20,0,60816,61
170,1,52,4,0,1,10.5,4.8,130,55.5,1,102,10,0,37624,32
171,1,59,0,0,1,5.4,8.0,137,50.4,10,37,14,1,121843,39
172,0,57,2,1,0,7.8,5.0,137,55.2,5,38,16,1,105898,58
173,1,44,5,0,1,17.7,6.6,83,50.8,1,53,14,1,87069,56
174,0,45,1,0,1,14.3,8.7,128,55.6,3,30,12,1,67566,36
175,1,62,2,0,1,5.0,0.0,114,59.2,3,149,12,0,104836,49
176,1,72,3,0,1,13.1,0.2,110,55.9,9,93,12,0,36842,35
177,1,76,5,0,1,9.6,5.8,145,55.4,5,72,12,0,17913,29
178,0,35,2,1,1,0.0,8.8,135,50.5,1,24,20,1,78321,61
179,1,29,0,0,0,5.3,5.4,124,57.1,8,80,18,1,101613,47
180,1,74,2,0,1,12.2,1.3,130,58.6,5,50,16,0,43499,48
181,0,80,2,0,1,9.4,2.1,108,54.1,0,8,16,0,52749,39
182,1,38,1,1,0,14.9,5.0,97,53.6,10,52,22,1,109593,41
183,0,40,1,1,1,2.6,6.5,115,52.4,2,60,16,1,143025,57
184,0,40,4,1,1,9.4,6.9,103,56.9,0,71,20,1,83523,39
185,0,37,0,1,0,8.6,0.9,132,53.7,3,8,18,1,150695,59
186,1,33,2,1,1,11.9,5.1,112,49.5,4,59,14,1,144410,45
187,0,54,5,1,1,11.5,5.5,137,57.9,1,8,14,0,48892,44
188,0,50,4,0,1,14.5,5.7,133,51.8,3,15,10,0,48392,26
189,1,29,5,1,1,4.8,4.7,98,50.5,4,5,20,1,98403,45
190,0,50,4,0,0,11.2,8.4,103,51.9,4,26,10,0,44693,27
191,1,64,3,1,0,9.7,4.1,105,55.4,7,5,18,0,91472,53
192,1,40,1,0,0,13.5,3.4,130,54.5,2,92,14,1,50511,41
193,1,74,2,0,1,12.3,3.6,151,61.2,3,0,18,1,96938,39
194,0,46,1,0,1,8.0,2.9,129,49.1,2,20,10,1,92735,36
195,0,79,4,1,1,9.8,5.6,132,58.5,5,16,20,1,149625,34
196,1,32,2,0,0,15.4,3.8,129,61.7,4,49,12,1,48481,41
197,0,65,3,1,1,13.8,4.6,107,56.1,4,29,12,1,59592,54
198,1,67,2,1,1,9.2,4.0,118,48.6,10,94,20,1,66963,57
199,0,21,3,0,1,9.3,8.6,135,55.5,0,62,16,1,143882,42
200,0,57,3,1,1,5.3,5.6,142,55.8,0,35,10,0,110903,29
201,0,20,2,0,1,14.1,3.8,106,59.1,1,25,12,1,106302,47
202,0,73,2,0,1,8.2,5.1,113,56.1,2,41,10,0,69268,27
203,1,78,4,0,0,5.9,4.5,128,54.9,0,162,12,1,93528,49
204,1,50,5,0,1,3.0,1.4,102,46.6,2,31,14,1,62319,47
205,1,79,0,0,1,10.0,2.5,115,56.2,2,67,14,0,81151,44
206,1,80,5,1,1,10.4,5.9,114,55.9,6,46,12,1,96699,49
207,0,40,4,0,0,14.4,3.5,145,54.6,1,35,10,1,67086,49
208,1,53,2,0,1,15.3,7.6,120,52.3,1,39,18,1,85279,52
209,1,75,5,0,1,8.9,1.8,122,48.8,5,149,12,1,131379,37
210,1,56,1,0,0,0.0,3.7,107,48.5,5,111,14,1,66366,50
211,0,23,5,1,1,11.1,4.3,119,59.1,3,73,10,0,66478,55
212,0,43,4,1,0,10.4,4.4,117,62.8,3,0,12,1,86382,37
213,0,34,4,0,0,8.8,2.7,146,47.8,4,30,12,0,34368,53
214,0,28,0,0,0,8.4,6.3,122,48.6,0,31,16,1,118441,56
215,0,65,5,1,1,6.5,4.7,121,51.6,0,3,16,1,99020,33
216,0,35,2,0,0,1.2,7.3,109,57.5,3,0,10,1,68429,38
217,1,53,1,0,1,11.1,4.3,105,45.7,5,32,18,1,112958,40
218,0,36,2,1,0,8.6,1.6,131,59.5,0,0,10,1,132232,44
219,0,34,2,0,1,8.4,3.1,115,60.3,2,53,10,1,97421,31
220,1,21,1,0,1,9.2,5.8,124,57.7,6,101,16,1,85797,57
221,0,29,4,1,1,13.5,3.8,148,63.4,4,0,10,0,72865,52
222,0,58,3,1,1,7.8,2.9,117,58.1,4,48,10,1,122455,63
223,1,71,1,0,1,9.0,3.8,110,52.5,5,117,20,1,79360,39
224,1,51,3,0,1,11.9,6.5,103,54.1,2,76,18,1,72574,28
225,0,79,5,1,0,0.0,4.0,81,57.8,1,24,18,1,118846,37
226,0,47,4,0,1,8.1,7.4,118,46.6,3,10,20,1,66095,46
227,1,23,3,1,1,8.6,3.1,63,48.5,5,93,14,1,86963,42
228,0,44,1,0,0,11.8,4.5,84,58.7,0,76,18,1,119565,41
229,1,32,4,1,1,11.4,6.3,133,51.6,9,77,14,1,112636,63
230,1,66,4,1,1,10.8,3.3,56,56.9,5,55,18,1,100641,58
231,0,55,0,1,1,10.0,5.2,105,47.3,0,53,16,1,79835,56
232,1,39,4,0,0,9.8,4.1,113,59.2,3,57,12,1,104768,37
233,1,35,4,1,1,5.2,3.5,101,55.4,5,71,14,1,79453,48
234,1,45,4,0,1,11.7,3.2,110,66.5,5,97,20,1,90694,52
235,1,50,3,1,1,5.0,3.0,119,58.8,8,10,14,1,112600,56
236,0,66,4,0,1,11.5,3.7,89,56.3,1,37,14,1,60439,36
237,0,44,4,0,0,13.1,7.5,137,61.6,5,0,12,1,74726,56
238,1,57,2,0,1,8.1,6.5,115,58.3,4,64,10,0,87057,31
239,0,76,4,0,1,5.6,5.6,127,60.6,0,9,12,0,53871,38
240,1,53,0,1,1,17.8,6.6,91,58.8,6,47,22,1,77815,47
241,0,45,0,1,1,2.6,6.7,123,49.1,3,61,10,1,118992,64
242,1,67,4,0,0,8.4,9.3,112,53.6,6,87,16,0,47636,51
243,0,40,0,0,1,9.3,9.8,124,55.0,3,42,18,1,122857,32
244,0,69,3,0,0,13.5,7.4,131,47.8,5,48,18,1,109857,48
245,1,45,2,0,0,15.6,4.1,145,60.1,4,51,20,1,135056,31
246,1,42,3,1,0,16.3,2.1,124,55.7,8,91,14,1,85597,43
247,1,66,4,0,1,12.2,7.2,105,58.4,2,78,20,1,66604,45
248,1,20,5,0,1,12.0,3.9,137,59.7,2,28,12,1,111325,35
249,1,41,4,1,1,15.7,4.5,138,56.9,7,69,12,1,61186,43
250,0,40,4,1,0,11.2,2.8,127,53.1,1,5,18,1,113468,51
251,0,51,0,1,1,15.0,6.3,121,45.5,1,52,12,1,129404,37
252,1,61,1,1,1,18.1,5.7,102,49.8,1,85,20,1,92767,59
253,0,39,4,1,0,12.0,4.5,100,53.8,2,66,16,1,95310,66
254,0,28,3,1,1,13.3,7.4,125,55.1,0,44,18,1,135258,57
255,0,55,2,1,1,16.3,8.1,167,56.3,0,77,18,1,133940,39
256,0,54,5,0,0,12.3,6.5,117,60.8,0,12,18,1,75641,43
257,1,23,0,0,1,12.1,3.8,138,62.5,9,70,18,1,55027,38
258,0,32,3,1,1,14.1,8.0,127,63.7,1,11,18,1,140710,60
259,0,49,5,1,1,13.3,5.8,123,58.2,3,20,10,1,99095,53
260,1,79,5,1,0,18.0,7.9,122,58.0,4,32,12,0,27799,60
261,1,76,3,1,1,7.7,4.5,102,51.1,3,90,12,1,141166,44
262,1,42,5,0,0,16.4,8.7,126,50.6,1,69,18,0,36925,23
263,0,27,4,0,0,14.6,4.7,122,52.4,3,13,10,0,62392,43
264,0,65,5,1,1,10.0,3.3,162,60.3,1,31,20,1,73248,48
265,0,45,3,0,0,16.3,6.7,131,57.2,0,32,14,1,111351,56
266,1,30,2,0,0,5.8,5.6,122,59.9,6,102,14,1,73673,60
267,0,20,0,1,1,14.2,6.6,122,59.7,0,17,14,1,73513,44
268,1,26,5,1,1,8.4,1.7,150,57.8,2,69,14,0,46616,41
269,1,30,0,0,1,6.7,3.0,128,60.9,7,69,10,1,122191,59
270,0,68,4,0,0,2.6,3.5,101,56.2,0,22,12,1,75867,43
271,1,79,0,1,1,11.2,7.2,109,56.5,6,28,16,1,98680,44
272,0,43,1,1,1,11.4,8.4,124,42.0,4,36,18,0,66712,44
273,0,28,5,1,0,7.2,5.4,142,49.6,5,33,14,1,114248,65
274,0,32,3,1,1,7.6,4.0,109,59.6,5,27,16,0,37517,53
275,0,68,1,0,1,10.2,4.8,101,48.9,5,13,18,1,82900,56
276,1,80,5,0,0,10.4,4.8,111,55.9,6,62,18,0,53109,39
277,1,20,2,1,1,13.9,5.4,136,59.6,6,110,18,1,63583,43
278,1,32,3,0,1,13.9,2.6,108,57.0,3,119,20,1,58779,45
279,1,58,0,1,1,9.9,5.2,140,59.7,7,22,16,1,60935,37
280,0,34,0,0,1,12.9,2.3,115,59.1,0,41,18,1,70015,36
281,1,31,2,0,1,11.4,6.2,69,55.4,6,29,10,1,110535,28
282,0,54,3,0,1,5.2,7.1,122,55.2,1,0,12,1,101817,40
283,1,63,5,1,0,9.3,8.0,103,53.7,10,76,22,1,81703,71
284,0,36,0,1,1,10.9,5.7,117,61.8,5,42,10,1,138694,41
285,0,34,1,0,1,15.1,5.2,123,54.5,0,0,14,1,94776,36
286,0,20,4,0,0,3.5,6.2,168,51.0,0,65,18,0,66322,56
287,1,38,4,0,0,16.9,5.3,121,58.8,2,50,16,1,123805,35
288,1,79,2,1,1,1.8,7.3,120,46.0,5,107,16,1,102728,41
289,1,78,4,0,1,12.7,8.1,135,50.7,5,41,16,1,70317,53
290,0,55,0,0,1,12.3,3.0,118,56.4,1,44,18,0,30654,53
291,1,77,4,0,0,19.3,8.0,122,60.8,4,65,14,1,74579,33
292,0,50,3,1,1,13.4,3.4,124,67.4,1,38,10,0,94494,43
293,0,74,4,0,1,11.0,7.0,143,53.6,1,0,12,1,135939,32
294,0,38,1,1,0,1.6,4.6,138,61.1,5,38,10,1,84331,53
295,0,41,4,0,1,13.5,5.7,92,51.5,5,26,10,1,99639,51
296,1,77,0,0,0,11.0,3.1,72,62.3,2,49,16,1,51758,29
297,1,30,3,0,1,12.4,6.8,117,52.8,5,35,14,0,50175,26
298,1,45,4,1,0,4.2,5.4,126,55.8,1,42,18,0,42910,47
299,1,72,5,1,1,11.2,5.1,81,55.5,5,83,12,1,112707,55
300,1,24,1,0,1,8.4,5.8,92,53.0,6,50,14,0,91617,26
301,1,33,5,1,1,6.6,2.2,124,51.6,6,121,16,1,143343,47
302,1,30,2,0,1,10.9,4.4,131,60.1,8,32,18,0,61239,41
303,1,76,2,1,1,9.1,2.3,89,56.4,5,89,16,1,67256,66
304,0,66,4,0,1,5.8,5.9,131,63.6,3,47,12,1,63984,49
305,1,41,0,1,1,18.6,5.4,113,56.4,6,89,20,1,140362,38
306,1,41,0,1,1,9.6,7.1,71,53.4,5,62,14,1,122690,41
307,1,38,4,0,1,10.6,5.0,101,56.8,3,69,18,0,106607,52
308,0,65,4,0,1,12.1,4.1,120,56.5,3,10,10,1,70398,50
309,0,67,4,1,1,9.6,4.0,138,54.6,4,22,14,1,104400,48
310,0,45,5,1,1,14.5,4.3,130,63.0,4,60,12,0,69809,30
311,0,59,0,0,1,8.3,4.7,108,56.9,0,33,18,1,92966,38
312,1,52,2,0,1,3.9,4.2,94,63.4,7,58,16,1,84670,55
313,1,35,3,1,1,10.3,3.6,99,56.1,6,54,12,0,85599,62
314,0,65,5,1,1,8.5,0.0,156,59.5,2,63,18,1,143082,38
315,0,28,2,0,1,15.6,4.1,100,54.7,3,51,20,1,145422,57
316,1,49,0,1,0,7.4,6.8,125,61.6,9,29,16,1,138483,41
317,1,63,3,0,1,17.8,5.6,87,53.3,7,56,16,1,110329,55
318,0,21,2,1,1,10.2,8.5,144,53.3,0,42,14,1,101177,58
319,0,44,0,0,1,13.8,4.8,142,53.7,1,61,20,1,87977,57
320,1,75,0,0,0,11.3,6.4,125,57.5,5,68,22,1,91187,36
321,1,39,3,0,1,8.9,3.8,113,54.1,2,63,10,0,26653,46
322,1,34,0,0,1,7.3,0.4,77,60.6,3,53,18,1,117054,52
323,1,74,5,0,1,12.6,1.9,139,56.9,8,47,12,1,69370,31
324,0,48,0,0,1,10.1,4.2,156,63.4,4,29,20,1,112997,59
325,0,56,3,1,0,10.4,5.4,140,57.5,5,0,16,1,134097,46
326,1,58,3,0,1,5.6,4.3,122,54.3,10,65,14,1,100296,62
327,0,29,4,0,1,10.7,6.2,128,52.3,3,27,18,1,99812,49
328,0,43,3,1,0,11.5,7.1,103,59.9,1,21,14,1,103044,42
329,1,57,3,0,1,7.1,5.8,140,56.2,8,65,20,1,114243,63
330,1,48,5,0,1,14.9,3.5,117,59.6,7,15,10,0,44396,28
331,0,30,0,1,0,12.0,3.4,98,43.8,3,14,16,1,116598,47
332,1,25,4,1,1,2.8,5.2,118,57.2,8,27,18,1,70353,54
333,1,38,3,1,0,6.4,7.2,143,55.9,4,83,14,0,28636,43
334,0,69,4,0,1,13.5,5.6,103,56.1,0,38,18,1,120249,40
335,0,47,3,0,1,1.9,4.6,94,55.3,4,15,12,1,66173,57
336,1,25,0,0,1,13.6,3.8,118,49.5,3,24,20,1,98341,47
337,0,31,1,0,0,11.4,0.7,127,49.6,3,72,10,1,122562,55
338,1,75,2,0,1,10.4,6.3,127,64.5,4,66,14,0,99962,50
339,0,29,1,0,1,7.9,6.6,113,53.6,1,26,10,1,115428,43
340,0,38,3,1,1,7.8,7.1,148,47.1,5,47,14,1,150260,55
341,1,58,2,0,0,12.8,5.4,83,58.8,5,56,14,1,65509,46
342,1,67,5,0,1,9.4,4.8,116,65.2,5,124,10,1,72179,62
343,0,80,3,0,1,15.1,3.9,149,60.0,5,28,14,1,128719,37
344,0,34,0,0,1,3.4,8.3,109,55.3,4,0,20,1,109049,46
345,1,20,5,0,0,10.2,2.5,152,49.2,3,0,16,1,72673,34
346,0,76,4,1,1,5.9,5.8,123,57.2,4,27,14,1,148449,42
347,1,33,2,1,1,8.9,6.9,141,54.9,7,0,18,1,98928,52
348,0,46,0,1,1,13.7,10.5,127,47.8,0,40,12,1,144693,48
349,1,40,5,0,1,8.0,7.2,107,60.4,1,0,12,1,66221,48
350,0,53,5,1,1,13.5,5.0,149,56.4,4,42,16,1,69225,32
351,1,40,4,0,0,3.8,5.0,106,57.2,7,67,16,1,110951,56
352,1,28,4,1,1,14.3,5.0,91,54.0,2,113,12,1,92946,62
353,1,73,3,1,1,4.8,1.1,130,61.2,6,73,20,1,68558,38
354,1,64,5,1,1,9.5,6.1,121,59.9,0,101,10,0,55732,56
355,0,41,5,1,0,8.5,6.2,123,55.1,2,13,18,0,38103,46
356,0,20,5,0,0,5.0,1.6,91,54.1,2,28,14,1,93432,38
357,1,78,5,0,1,15.1,6.8,126,55.7,5,35,18,1,105938,41
358,0,60,5,1,1,11.6,6.1,90,58.1,1,76,14,0,46040,35
359,0,78,5,1,1,11.3,1.6,81,54.5,3,43,16,1,84040,56
360,1,43,2,0,1,11.6,4.0,99,56.3,5,152,10,1,133624,51
361,0,75,1,0,0,14.0,0.6,138,54.0,0,15,14,1,58988,30
362,0,48,5,0,1,9.2,6.7,109,54.0,1,37,20,1,60078,37
363,0,76,5,1,1,4.4,5.0,153,58.0,1,0,14,1,64174,34
364,1,69,0,1,1,11.9,6.4,149,51.5,5,15,18,1,87617,60
365,0,26,1,0,1,5.2,5.0,146,53.7,2,55,16,0,103295,33
366,1,80,0,1,1,8.4,2.9,151,56.4,5,112,16,0,95856,44
367,1,71,2,1,1,6.1,6.5,128,50.6,2,58,12,1,65612,33
368,1,53,3,1,1,10.3,4.2,121,47.1,7,58,16,0,53152,37
369,0,45,0,1,1,11.6,6.5,112,54.3,4,9,18,1,89949,58
370,1,55,0,1,1,18.1,10.1,126,66.2,4,61,14,0,73487,54
371,1,71,5,0,0,10.9,5.2,137,58.0,1,72,18,1,109302,40
372,0,43,2,1,0,3.6,8.0,103,58.5,0,42,10,1,92259,43
373,1,71,0,0,0,2.5,1.1,106,53.2,4,57,20,1,59936,35
374,0,64,2,0,1,5.6,5.4,127,54.2,1,78,10,1,72686,27
375,1,26,0,1,1,13.1,1.4,132,56.3,10,29,20,0,60705,35
376,1,65,0,0,1,8.8,5.6,119,53.7,2,38,10,0,19422,45
377,0,24,2,1,1,11.2,4.0,120,49.2,5,7,14,1,138406,60
378,0,63,1,1,1,7.0,2.1,128,48.3,2,53,14,1,138965,38
379,0,38,1,0,0,6.1,6.9,129,50.5,3,24,20,1,119206,44
380,1,72,4,1,1,10.4,6.0,141,59.5,3,29,18,1,116323,40
381,1,20,4,0,1,9.5,4.8,91,54.1,0,56,14,0,75367,22
382,0,68,1,0,0,8.7,4.9,114,57.0,0,29,18,1,101720,43
383,0,30,0,0,1,4.8,2.6,100,51.1,1,55,16,0,113846,43
384,1,68,3,1,0,10.6,6.8,131,50.1,10,47,14,1,125729,66
385,0,22,5,0,1,12.5,6.1,127,57.5,3,35,20,1,61634,47
386,1,69,2,0,1,8.0,4.6,104,51.7,8,55,10,1,59229,49
387,1,23,4,0,1,12.9,3.7,169,48.2,7,26,18,1,73607,57
388,1,34,0,0,1,10.1,7.6,103,55.2,7,29,20,1,109111,57
389,0,66,1,0,1,12.2,8.1,135,55.5,4,36,14,1,77597,38
390,0,36,2,0,1,20.9,3.2,123,56.4,0,31,16,1,87864,27
391,0,76,3,1,1,10.7,4.5,137,60.9,0,48,10,1,132245,62
392,0,61,0,0,1,4.1,1.6,92,48.4,3,22,14,1,132518,52
393,0,62,4,1,1,10.5,6.1,100,59.3,4,56,14,1,104234,59
394,0,31,4,1,1,15.8,5.3,117,54.3,0,32,20,1,81660,58
395,1,41,3,0,1,10.6,5.5,99,53.2,8,61,16,1,101929,50
396,1,64,1,0,0,9.8,5.2,100,47.4,7,83,20,0,24156,35
397,1,36,0,0,1,11.3,4.5,101,49.2,5,0,12,0,77555,45
398,1,74,2,0,0,6.1,5.6,114,54.3,7,36,20,1,106042,60
399,0,69,4,0,1,7.3,4.0,76,57.2,5,48,20,1,125085,47
400,1,69,4,1,1,2.9,2.2,136,58.8,5,90,22,1,123435,54
401,0,68,0,1,1,10.7,6.7,106,46.2,2,0,10,1,103790,51
402,0,28,0,1,0,15.4,4.2,95,52.0,2,21,18,1,106186,65
403,0,51,3,1,1,14.9,7.1,122,62.6,2,35,12,1,115172,52
404,1,43,2,0,1,10.2,5.9,110,52.8,5,68,14,1,96272,53
405,1,63,0,0,1,6.9,4.8,106,42.5,9,57,18,0,106095,48
406,1,44,2,0,0,15.9,6.4,125,53.4,7,107,12,1,92785,41
407,0,76,2,0,1,12.8,6.9,114,54.8,4,0,20,0,75353,39
408,1,61,0,1,1,11.9,4.9,104,56.5,9,80,18,1,81016,59
409,1,21,0,1,1,8.3,5.9,129,58.9,5,88,16,1,113790,57
410,1,52,5,1,1,0.0,6.3,107,55.7,4,53,20,0,76252,62
411,1,31,0,0,1,8.7,6.8,101,48.0,8,115,12,1,126552,58
412,1,28,0,0,0,6.0,6.8,138,54.4,0,64,10,0,15706,38
413,1,71,4,1,1,8.4,3.7,127,58.8,7,35,14,1,76479,55
414,0,29,5,1,1,6.7,5.6,149,60.1,4,61,12,0,34283,44
415,0,77,2,0,0,3.7,7.4,121,52.4,4,31,14,1,68752,28
416,1,36,5,1,1,9.9,5.4,165,51.7,1,13,18,1,84576,35
417,1,52,3,0,0,9.0,2.9,142,55.0,3,112,12,0,70268,55
418,0,40,2,1,1,15.1,7.2,177,51.5,1,23,20,1,99132,56
419,1,80,4,1,1,11.2,5.7,124,48.6,8,51,18,1,81496,59
420,0,58,2,0,0,11.2,3.3,138,46.8,4,52,16,1,95211,37
421,1,39,2,0,1,10.0,2.1,150,53.2,4,20,12,1,86265,36
422,0,71,1,1,1,4.9,4.7,105,60.5,1,9,16,1,110423,42
423,1,27,4,1,1,13.9,3.5,140,47.1,5,55,16,1,80828,48
424,0,56,0,1,1,11.1,3.0,113,48.7,5,36,16,1,119102,51
425,0,56,4,0,1,1.6,6.7,151,48.9,2,46,16,1,76313,56
426,0,31,2,0,1,7.4,7.6,115,51.3,1,24,14,1,67130,30
427,0,42,2,0,1,5.2,4.9,123,52.0,4,11,20,0,46588,23
428,0,45,3,0,0,8.1,6.2,117,48.0,4,50,12,1,74659,38
429,0,59,3,0,0,5.1,6.6,120,56.0,1,88,10,1,113130,45
430,1,67,1,0,1,14.4,9.1,104,52.3,5,104,12,1,132779,35
431,1,76,2,0,0,9.7,6.8,132,58.8,5,85,18,1,108763,58
432,1,26,4,0,1,10.4,5.0,84,49.4,3,99,14,0,34883,25
433,1,54,1,0,0,4.7,4.6,128,55.9,1,63,16,1,130295,53
434,1,54,1,1,1,9.9,7.2,132,50.3,6,69,12,1,69132,37
435,0,39,2,1,1,4.0,5.3,145,65.4,4,36,12,1,92259,55
436,1,78,3,0,1,9.4,8.8,176,47.9,5,109,10,1,94460,38
437,0,37,5,0,1,10.0,7.0,89,48.5,1,58,12,1,81615,35
438,0,42,5,0,1,9.5,3.5,108,50.6,2,25,20,1,63015,44
439,0,80,2,0,1,5.1,6.8,119,63.8,5,29,18,1,122189,57
440,0,21,1,1,0,12.8,6.6,136,54.9,0,0,16,1,82591,57
441,0,38,0,1,0,8.7,2.3,118,63.6,4,25,10,0,102577,33
442,0,61,1,0,1,9.6,4.1,125,54.4,2,1,16,1,118219,50
443,0,39,2,0,1,13.5,4.2,147,41.3,5,21,12,1,139118,33
444,1,43,4,0,1,12.9,4.7,138,54.1,2,82,22,1,77797,55
445,0,66,1,0,1,13.5,6.1,139,49.3,3,0,14,1,88286,54
446,0,74,1,1,1,11.5,5.0,95,63.2,0,35,10,1,131373,52
447,1,73,2,0,1,11.8,6.2,147,56.9,5,35,12,1,71593,56
448,1,21,0,1,1,10.7,4.6,108,51.5,1,0,22,1,63326,49
449,0,78,1,0,1,5.8,4.7,134,56.2,1,47,12,0,58910,34
450,1,61,5,0,1,13.3,6.5,110,61.7,6,66,12,0,79001,57
451,0,51,2,1,1,14.5,6.3,117,49.2,1,35,12,1,121692,34
452,0,65,1,0,1,11.0,2.7,154,59.6,2,21,18,1,119857,51
453,0,78,4,1,1,15.9,7.2,123,51.5,1,44,10,1,58552,56
454,1,60,2,1,0,4.6,3.5,102,63.9,5,99,20,1,119060,48
455,1,26,5,0,1,11.0,6.3,130,52.0,1,89,12,0,57762,44
456,1,51,2,0,1,6.6,7.2,89,52.5,3,53,20,0,43243,42
457,0,25,0,0,0,9.2,7.7,119,49.3,1,5,16,1,130772,46
458,1,69,2,1,0,4.4,0.7,116,66.2,3,75,20,1,95591,67
459,1,60,1,1,0,6.5,1.9,120,46.5,8,52,18,1,91466,41
460,0,22,1,0,0,14.0,1.4,127,58.9,5,49,16,0,98431,41
461,1,65,3,1,0,6.9,6.8,92,58.8,1,93,22,1,70661,52
462,0,77,1,0,1,9.0,4.3,96,48.2,5,27,20,1,87499,56
463,0,62,5,0,1,1.6,5.4,89,52.6,4,105,14,1,87148,32
464,0,40,4,0,0,13.3,6.4,103,58.7,0,43,14,1,67097,36
465,1,79,5,1,1,12.1,5.6,116,60.1,3,54,14,1,118022,43
466,0,65,5,0,0,13.8,7.0,123,67.3,3,51,16,0,47337,44
467,0,32,3,1,1,7.6,2.9,130,60.1,0,22,16,1,87661,40
468,0,32,4,0,0,11.7,4.9,93,62.9,0,20,10,1,84840,29
469,0,41,0,0,1,2.3,5.7,84,49.2,3,37,16,1,141167,59
470,0,77,1,0,1,13.1,2.2,110,61.0,1,66,20,0,74845,43
471,0,23,0,0,0,11.3,5.9,119,56.1,1,69,14,1,113629,55
472,0,37,4,0,1,7.5,7.0,150,52.0,5,32,20,1,71239,41
473,0,35,5,0,0,6.1,5.0,94,53.0,1,23,16,0,68193,21
474,1,51,0,1,0,6.4,3.9,106,53.0,2,42,14,0,50174,53
475,0,51,2,0,0,7.1,2.7,145,47.5,3,62,16,0,84672,48
476,1,46,0,0,1,7.0,8.3,141,48.4,4,37,18,1,72742,57
477,0,56,3,1,1,14.9,3.7,116,55.0,2,51,14,0,108210,32
478,0,49,3,1,1,10.6,2.3,130,54.5,1,20,16,1,147586,44
479,1,36,4,1,1,9.3,7.0,92,56.1,8,109,16,0,94683,36
480,0,75,4,1,0,12.6,6.2,122,53.2,0,15,18,0,85138,31
481,1,57,0,1,0,8.4,3.8,162,53.2,5,8,10,1,73812,38
482,0,27,3,1,0,18.2,6.5,122,56.8,4,0,14,1,64632,43
483,0,61,2,0,0,7.4,3.7,106,51.8,4,44,16,1,67031,32
484,1,72,1,1,0,13.4,3.8,121,54.3,3,14,14,1,117322,47
485,1,66,0,0,1,1.6,3.0,137,55.6,7,51,12,0,81084,40
486,0,61,2,0,0,6.2,5.5,117,53.7,5,0,20,0,69375,28
487,0,77,1,1,1,14.4,3.9,114,61.2,2,26,14,1,112566,32
488,1,50,2,0,0,14.8,5.0,111,56.0,6,6,20,1,79659,54
489,1,43,1,1,1,11.9,9.2,133,55.1,6,141,14,0,105177,69
490,1,53,5,0,1,2.9,9.2,139,59.8,4,46,12,1,98631,35
491,0,56,3,1,1,6.1,3.4,155,60.3,4,36,14,1,118446,63
492,0,61,3,0,1,17.4,4.4,111,49.4,2,64,14,1,126614,59
493,0,55,4,0,0,6.7,2.2,158,55.2,2,0,12,1,109965,31
494,0,26,5,1,1,8.7,3.8,103,56.0,2,26,14,1,101780,60
495,0,67,3,0,1,10.9,3.9,153,52.2,0,31,20,1,118267,28
496,0,59,3,1,1,2.7,5.8,122,56.6,5,10,14,1,105333,43
497,1,63,0,1,0,13.6,3.9,115,61.8,8,93,12,1,127566,64
498,0,51,3,1,1,9.2,4.0,106,57.8,3,0,20,1,92505,47
499,0,77,4,0,1,11.0,3.5,109,51.0,4,0,14,1,104983,55
500,0,72,1,1,1,14.2,2.9,102,55.1,1,3,20,1,122137,35
501,1,57,3,1,0,13.2,7.9,146,51.5,4,20,18,1,99200,50
502,0,27,1,0,1,13.8,7.9,124,59.7,2,62,12,1,58135,30
503,1,59,1,0,0,6.1,10.1,129,61.4,4,78,12,0,41917,37
504,0,46,0,0,1,10.6,2.1,114,56.7,4,0,14,1,139893,50
505,1,56,5,0,1,8.9,2.4,152,56.4,8,94,18,1,66846,62
506,0,68,2,1,1,14.1,4.6,108,62.2,3,0,18,1,147847,45
507,1,27,3,0,0,1.6,7.5,146,52.0,4,62,10,0,57415,31
508,0,23,3,0,1,8.1,6.3,138,43.1,0,30,14,0,64268,38
509,0,59,5,0,0,11.6,5.1,98,52.7,5,25,16,1,116716,36
510,1,77,4,0,1,12.2,7.2,88,57.8,1,86,20,1,104976,45
511,1,67,0,1,1,18.4,1.3,115,48.4,6,96,10,0,109204,45
512,0,52,2,1,1,12.4,4.7,84,57.1,1,10,10,1,102811,58
513,0,61,2,1,1,11.8,5.9,171,43.1,2,34,12,1,135148,63
514,1,48,2,1,1,10.2,5.7,116,55.2,10,0,20,0,92396,58
515,0,72,4,1,0,7.0,2.8,105,62.1,1,52,20,1,84581,41
516,1,55,1,0,1,11.0,5.0,116,59.3,2,19,12,1,122171,41
517,0,41,2,1,0,4.0,4.5,116,38.6,3,0,20,0,86125,35
518,0,78,2,0,1,14.6,6.4,127,58.2,4,15,18,1,140968,51
519,1,44,5,0,0,6.6,5.4,151,56.2,8,94,18,0,96816,31
520,0,52,2,1,1,11.1,4.3,144,60.1,2,19,14,1,129537,54
521,0,41,1,0,0,11.7,6.7,152,57.0,1,29,20,1,89198,30
522,0,61,3,0,1,14.4,7.8,131,51.4,2,36,16,1,123115,41
523,1,67,1,0,1,11.2,4.7,165,62.2,6,29,18,1,76777,28
524,0,27,5,1,0,4.2,4.5,104,55.7,3,24,14,1,100370,38
525,0,34,2,0,0,19.0,4.2,108,55.8,5,50,20,1,88700,46
526,0,41,5,1,1,9.6,6.0,103,54.0,1,31,12,1,123058,45
527,0,41,2,0,1,11.6,5.6,147,50.8,1,57,10,1,101398,49
528,0,74,3,0,1,18.0,10.0,98,54.4,5,34,16,1,94747,39
529,0,31,1,0,1,8.9,6.1,107,58.2,0,56,12,0,64560,42
530,1,37,4,1,0,10.1,2.5,137,38.1,6,29,16,1,55711,42
531,0,40,3,0,1,11.8,0.4,121,54.5,1,28,10,1,121166,52
532,0,45,0,1,1,6.4,5.9,126,51.4,5,19,18,1,127528,48
533,1,45,3,1,1,14.5,3.9,116,53.8,5,81,20,0,80014,37
534,1,29,5,1,0,9.3,4.1,117,48.9,5,56,14,1,82884,35
535,0,52,5,1,0,9.2,3.1,121,55.6,1,12,18,1,125207,46
536,0,33,4,0,0,12.1,3.0,124,57.6,2,47,16,1,92965,59
537,0,74,1,1,1,14.5,2.0,127,50.9,1,55,10,0,27583,53
538,1,33,5,0,1,13.2,7.1,110,58.4,8,144,22,1,128557,37
539,0,72,5,0,0,6.6,4.9,111,61.2,1,21,12,0,68873,50
540,1,30,0,1,1,16.5,5.2,119,56.8,3,61,18,0,47538,57
541,1,32,5,1,1,13.9,6.5,106,58.4,7,35,18,1,134783,44
542,1,58,0,1,1,10.6,3.4,100,58.0,4,31,14,1,69446,46
543,0,40,4,0,0,5.2,5.2,133,52.0,1,48,18,1,113625,38
544,0,67,0,0,1,6.6,5.3,102,51.8,2,12,16,1,116356,29
545,0,78,0,0,1,15.6,5.9,151,52.3,1,83,12,1,73230,43
546,1,26,4,0,0,9.4,5.1,103,54.8,5,9,18,0,93092,46
547,1,27,2,0,0,12.5,5.4,101,54.5,8,85,18,0,61225,46
548,0,29,5,1,1,5.2,3.6,97,44.2,3,0,18,1,70403,48
549,1,37,2,1,1,9.9,6.6,133,56.2,0,87,16,1,123223,52
550,1,26,2,1,1,11.5,5.8,83,58.9,0,90,22,1,108745,61
551,1,38,5,1,1,11.0,6.9,126,45.7,5,132,12,1,84095,64
552,0,44,2,0,0,5.6,1.8,118,61.7,0,0,12,1,100128,55
553,0,57,2,1,0,8.6,4.3,136,55.4,0,5,20,0,51037,45
554,0,55,4,1,0,9.2,7.2,138,49.4,3,36,20,1,70086,57
555,1,35,5,0,1,6.1,5.4,120,51.0,1,42,12,1,61654,37
556,0,37,5,1,1,7.2,0.4,134,54.8,4,32,18,1,105911,34
557,0,29,1,0,1,13.3,6.1,130,42.1,1,50,12,1,114881,45
558,1,26,3,1,0,2.8,6.2,139,57.3,5,65,12,1,83511,57
559,1,79,5,0,1,8.1,3.7,132,49.2,10,42,14,1,120496,58
560,1,22,5,1,1,12.0,5.0,172,56.3,6,63,14,1,143652,40
561,0,30,3,0,1,10.8,4.8,125,66.4,3,22,14,0,65505,36
562,0,31,0,1,0,13.6,6.9,95,55.9,5,52,12,1,115866,44
563,0,68,5,0,1,5.8,1.5,124,49.9,5,69,12,1,142907,46
564,1,47,4,1,1,8.6,4.4,96,56.5,7,94,16,1,99945,44
565,1,31,2,0,0,11.3,7.8,110,64.7,9,48,16,0,41771,35
566,0,61,5,1,1,14.9,5.9,126,49.6,3,29,16,1,149571,59
567,0,78,1,1,1,14.9,7.2,88,52.9,3,15,14,1,121060,45
568,0,48,3,1,1,3.2,5.3,135,48.5,3,38,10,0,52457,60
569,1,56,2,0,1,8.0,4.9,102,56.8,4,0,20,1,56569,44
570,0,30,5,1,1,12.6,6.1,96,53.1,4,22,10,0,113357,35
571,1,44,5,0,1,10.4,4.3,102,48.1,7,49,14,1,52444,37
572,0,75,1,0,1,6.7,7.9,111,52.6,3,63,20,0,38629,28
573,0,46,4,1,1,7.6,9.1,110,57.8,1,1,10,1,134264,50
574,1,29,4,1,1,3.5,3.3,90,53.3,8,72,12,0,88213,37
575,1,29,1,0,1,10.2,3.5,112,54.8,8,63,20,1,63039,36
576,1,24,0,1,0,8.8,4.1,122,49.2,7,52,22,0,29063,49
577,0,63,5,1,1,12.5,9.5,112,61.8,4,28,14,0,61416,36
578,0,63,0,1,0,0.9,3.1,99,54.9,2,22,18,0,110418,58
579,0,56,5,0,1,11.8,5.7,111,62.9,1,34,16,1,80963,33
580,0,54,2,1,1,21.1,4.5,98,57.7,1,99,20,1,90328,51
581,0,41,2,1,1,12.5,6.6,140,52.4,2,23,10,1,56892,50
582,1,38,0,1,0,10.0,3.0,98,56.3,4,46,18,1,119822,56
583,1,65,3,0,0,6.7,4.9,112,48.4,7,25,16,1,123414,39
584,0,72,2,0,0,9.9,5.7,108,48.6,5,29,10,1,64653,44
585,1,25,1,1,1,10.4,6.7,99,57.6,2,0,16,0,103933,37
586,0,26,1,1,1,9.1,6.8,101,59.4,2,51,14,1,103973,33
587,1,47,2,1,0,14.3,4.2,105,50.7,0,114,12,0,103481,54
588,1,40,0,0,1,11.7,7.9,110,54.9,3,0,18,1,138834,28
589,0,26,3,0,1,11.3,6.0,95,56.8,5,72,18,1,58107,59
590,0,33,0,0,1,9.7,5.9,93,66.3,3,69,16,1,93942,58
591,0,73,2,1,1,12.1,4.3,128,61.2,4,39,20,1,140179,37
592,0,33,4,0,1,16.4,5.6,106,54.6,3,0,18,1,91423,45
593,0,64,3,1,1,10.0,4.7,123,53.8,1,55,14,1,113545,55
594,1,69,0,1,1,7.4,0.5,149,57.4,3,38,14,1,114232,49
595,0,29,3,0,1,11.4,3.5,97,51.6,3,4,18,1,120805,34
596,0,36,5,1,1,9.2,5.7,97,50.2,5,45,16,0,86678,57
597,0,21,3,0,1,15.4,4.2,99,51.1,4,0,14,1,84419,43
598,1,40,2,0,1,9.4,6.5,150,51.1,8,100,10,0,59328,30
599,0,34,5,1,0,9.3,6.2,120,51.6,3,81,16,1,115380,40
600,0,24,0,1,0,14.5,6.0,116,50.0,5,59,16,0,90589,51
601,0,74,2,1,1,5.4,6.2,107,49.9,5,22,20,1,98793,57
602,1,47,3,1,1,11.6,2.9,124,53.4,8,86,20,1,97372,62
603,1,69,2,1,1,12.7,7.8,105,58.3,8,36,20,0,71472,56
604,0,79,5,1,1,3.0,4.2,92,56.4,4,68,12,1,62804,52
605,0,45,1,1,1,15.5,4.3,138,59.5,1,49,14,1,69459,40
606,0,34,1,0,1,9.3,4.5,106,46.4,1,22,12,0,79280,35
607,0,40,2,1,0,2.6,7.5,135,57.8,3,63,18,0,65553,55
608,1,28,1,0,1,6.6,3.7,89,53.2,6,1,20,1,73700,28
609,0,70,0,0,0,11.4,2.3,147,52.9,3,81,18,1,121485,53
610,1,42,5,0,1,11.3,4.6,135,55.1,6,0,18,1,61361,26
611,0,23,5,1,1,15.6,3.9,138,55.5,5,58,14,0,77781,34
612,1,27,4,0,1,9.6,5.8,117,50.7,5,62,12,0,28558,28
613,1,71,1,1,1,13.0,2.2,177,57.7,6,46,16,1,65319,52
614,1,38,0,1,1,13.2,5.8,110,54.1,6,2,12,1,93505,58
615,1,32,0,1,0,7.4,4.6,121,55.4,4,93,16,1,100775,52
616,1,67,0,0,1,8.1,7.9,132,60.4,2,27,10,0,38926,24
617,0,65,0,0,1,10.5,5.5,119,49.0,5,14,18,1,72822,36
618,1,79,1,0,1,0.5,3.9,112,54.1,1,64,20,0,36025,49
619,1,27,1,1,1,9.1,2.9,131,59.2,5,48,18,0,37532,52
620,0,61,4,1,0,14.9,4.8,121,53.2,4,54,18,1,75552,41
621,1,30,4,1,1,3.9,4.1,150,59.6,3,53,18,1,96346,60
622,1,65,4,1,1,12.7,6.5,137,46.9,3,24,12,1,93503,53
623,1,51,5,0,0,17.6,5.8,163,46.2,7,108,14,1,109916,45
624,0,61,4,0,1,11.2,3.8,128,50.0,2,0,18,0,66367,35
625,1,57,2,0,1,5.9,2.2,138,57.3,5,80,18,1,130137,51
626,0,59,4,0,0,9.0,5.3,99,46.7,5,0,16,1,89459,45
627,0,44,1,1,1,12.3,0.0,107,64.1,1,31,18,1,94213,58
628,1,68,4,1,1,12.9,7.9,149,55.4,4,106,10,1,105973,41
629,1,34,4,0,1,7.4,1.9,126,52.9,5,75,20,1,93149,39
630,0,38,2,0,1,11.7,7.2,112,50.2,3,39,12,0,34388,32
631,0,20,0,0,1,11.4,2.5,125,59.1,1,4,12,1,140835,29
632,1,38,1,0,1,13.6,7.9,123,65.0,6,121,14,0,103848,39
633,0,26,2,1,1,8.6,6.4,150,56.8,1,66,16,1,134379,35
634,0,21,3,1,1,7.9,7.2,118,49.4,1,41,14,1,130750,63
635,1,47,3,0,1,9.6,5.1,90,47.2,6,23,20,1,71732,49
636,0,69,1,1,0,17.0,6.3,87,57.9,2,25,20,1,68943,40
637,0,69,1,0,0,9.2,6.8,97,53.7,2,0,12,1,111344,30
638,1,62,4,1,1,14.0,7.9,124,52.9,4,99,14,1,93334,43
639,0,78,0,0,0,6.6,6.1,125,57.5,5,9,16,1,108948,48
640,0,31,3,1,1,10.8,4.8,114,54.6,5,0,18,1,124942,40
641,1,35,3,0,1,12.6,5.2,131,61.0,5,0,12,1,61300,52
642,1,36,0,0,1,14.1,6.6,156,54.3,2,26,14,1,106342,29
643,0,39,2,0,1,10.3,3.5,107,63.6,3,59,14,0,97909,38
644,0,65,0,0,1,5.0,6.8,110,52.2,3,72,18,1,146278,35
645,0,56,5,1,1,11.1,6.6,124,47.3,2,17,10,0,27868,41
646,1,67,4,1,0,10.0,2.5,131,56.1,6,0,10,0,75550,47
647,0,49,5,1,1,6.7,7.9,135,67.4,3,45,16,1,87852,62
648,0,27,3,1,1,4.9,7.7,127,57.1,5,30,10,0,39305,32
649,1,21,3,0,1,10.1,6.2,111,52.2,10,65,14,1,67493,36
650,0,28,3,1,1,10.5,6.5,133,55.6,2,3,14,1,149574,35
651,0,46,1,0,0,9.1,6.2,161,51.0,1,28,14,0,60531,35
652,1,63,3,0,1,5.3,5.8,135,48.7,3,93,14,1,100263,53
653,0,43,0,0,0,6.3,8.3,116,53.0,0,0,16,1,58681,44
654,1,46,2,1,1,18.8,6.4,118,58.5,4,24,22,0,68450,39
655,1,65,3,1,0,11.3,4.8,129,51.4,2,33,20,1,80481,42
656,0,49,4,0,1,12.9,8.4,105,49.4,3,3,16,0,76724,22
657,0,31,5,0,1,5.4,5.4,144,58.8,1,0,20,0,46630,23
658,0,54,5,0,0,6.3,2.8,134,55.1,1,43,12,1,103746,39
659,1,35,4,1,1,8.7,3.6,119,42.9,4,105,22,1,81514,64
660,1,27,0,0,1,7.9,6.6,97,53.0,6,61,16,1,119601,54
661,1,75,2,0,0,6.0,8.5,127,57.7,6,67,16,1,56574,30
662,1,53,1,0,1,15.8,4.6,92,57.8,5,15,22,1,59496,52
663,0,20,4,0,1,10.2,3.4,113,55.3,3,88,16,0,93095,28
664,0,43,5,0,0,10.5,3.1,143,67.9,0,42,18,0,41892,36
665,0,36,0,0,1,2.2,1.3,118,46.0,3,82,14,1,61836,56
666,1,62,0,1,0,11.5,3.9,139,49.8,9,77,12,1,120172,58
667,0,27,1,0,1,6.2,0.0,149,57.4,0,64,16,1,104020,47
668,1,46,1,0,0,16.1,7.2,70,46.6,4,86,16,1,121019,37
669,0,35,2,0,1,8.6,1.2,109,57.4,1,49,16,0,42465,41
670,1,59,0,0,1,9.3,8.1,85,56.3,2,0,18,1,77325,52
671,1,67,4,0,1,6.1,5.4,96,55.6,1,90,18,1,83513,44
672,0,47,1,0,1,18.5,6.7,128,66.4,2,40,12,1,123348,46
673,0,54,5,0,0,10.8,5.3,125,60.2,4,0,14,1,65755,37
674,1,72,1,1,0,13.6,3.2,101,56.0,4,19,12,1,113445,47
675,1,49,3,1,1,11.2,5.5,135,53.1,5,119,16,1,81874,49
676,0,70,3,1,1,10.9,8.5,93,47.2,1,53,10,1,113893,41
677,1,34,5,0,1,7.2,7.3,121,54.8,5,58,20,1,110186,58
678,1,43,2,0,1,8.4,7.9,141,53.0,4,93,14,1,133489,56
679,1,20,5,1,0,15.3,3.7,126,59.1,7,92,18,1,70417,54
680,1,21,2,1,1,11.5,1.3,127,51.4,5,57,10,1,59606,49
681,1,57,5,1,1,6.7,3.8,118,52.6,7,54,16,1,61382,63
682,0,75,4,1,1,7.7,6.4,140,51.5,4,58,16,0,105439,43
683,1,40,5,1,1,4.8,4.9,129,50.2,3,129,22,0,117771,49
684,1,21,1,0,1,16.5,2.7,136,53.0,1,28,14,1,125983,48
685,1,43,5,1,1,14.5,1.9,146,56.4,4,68,20,1,149881,35
686,1,71,0,0,1,9.9,5.3,116,53.4,3,89,22,1,108891,40
687,1,64,4,1,1,8.3,7.3,122,56.5,6,91,18,0,106555,45
688,0,50,0,0,1,11.2,6.0,108,50.3,2,11,10,1,116250,42
689,0,31,2,0,1,10.8,3.3,105,58.3,3,24,16,1,119987,54
690,1,56,0,0,1,2.3,7.9,85,63.0,1,14,10,1,50115,46
691,0,62,4,0,1,7.8,0.0,119,48.4,3,48,20,1,110081,33
692,0,46,4,0,0,11.5,7.4,92,56.7,0,26,16,1,59732,35
693,0,71,2,0,1,16.0,7.1,126,46.6,3,77,10,0,32033,26
694,1,28,0,1,0,12.7,6.7,97,59.9,5,61,18,0,80112,64
695,1,47,2,1,1,5.5,5.7,118,43.8,5,70,20,0,84925,54
696,1,25,3,1,0,13.9,7.0,138,64.4,3,63,16,0,63142,38
697,1,24,4,0,1,10.1,1.7,100,58.6,8,27,10,1,80109,41
698,1,57,0,0,1,10.7,4.2,119,49.2,6,67,10,1,93899,45
699,0,74,2,1,1,6.9,1.8,142,51.7,2,15,14,1,130693,39
700,0,45,1,1,1,8.1,5.0,139,54.9,5,14,16,1,92736,42
701,0,66,4,1,1,8.6,0.7,95,47.6,2,46,10,1,94089,41
702,1,64,2,1,1,9.3,3.7,112,58.2,8,50,18,1,93391,43
703,1,69,2,0,1,10.8,7.3,112,47.2,8,4,14,1,71459,46
704,0,50,3,1,0,6.1,4.8,130,60.8,0,20,12,1,80180,46
705,1,55,2,0,1,8.7,6.3,94,49.8,6,35,12,1,72377,54
706,1,27,4,1,1,9.1,4.9,109,57.9,0,75,22,1,110610,61
707,0,48,0,1,1,12.7,4.0,86,58.8,4,0,14,1,60616,39
708,1,63,2,0,0,16.3,6.9,114,59.1,3,91,14,1,87799,55
709,1,53,5,0,0,9.4,5.6,123,59.0,8,117,14,1,123437,65
710,0,62,1,0,1,7.9,5.2,147,53.6,1,0,14,0,70673,34
711,1,55,0,0,1,12.4,5.8,132,57.0,7,92,18,0,76906,31
712,1,26,2,1,1,14.7,6.4,136,51.1,4,151,12,1,64749,44
713,1,45,1,0,0,0.5,6.0,134,57.5,6,26,12,1,46350,41
714,0,43,1,0,1,11.8,7.8,121,57.3,4,26,20,0,47148,33
715,0,30,1,1,1,12.3,3.7,76,56.9,5,29,20,1,113222,55
716,0,27,2,1,0,10.8,3.2,135,61.1,2,32,18,1,102942,53
717,0,24,1,1,0,13.4,2.6,174,52.0,0,8,12,1,67913,32
718,0,47,3,1,0,10.2,3.0,124,64.6,4,25,20,1,106427,53
719,0,56,3,1,1,16.5,3.5,110,51.7,2,21,18,1,98789,63
720,1,64,5,0,0,19.3,2.4,138,59.8,8,53,18,1,125217,43
721,0,24,4,1,1,1.2,5.4,123,51.7,3,48,16,1,65424,64
722,1,47,2,0,1,10.5,3.1,141,55.6,4,70,22,1,88794,49
723,0,44,0,0,1,2.8,6.4,121,54.5,5,85,10,0,82039,59
724,1,67,3,0,1,10.0,4.3,108,50.3,6,0,18,1,57874,29
725,0,28,4,0,1,6.1,5.8,117,52.1,5,89,20,1,61776,60
726,1,75,0,1,1,9.4,6.3,114,55.5,5,0,12,1,108859,57
727,1,69,1,0,1,8.2,6.0,139,56.3,7,49,12,1,117513,30
728,0,69,0,0,1,5.4,4.4,110,55.0,1,29,18,1,117864,36
729,0,42,5,1,1,16.3,5.3,133,51.2,2,0,10,1,116523,45
730,1,33,0,1,1,14.2,5.5,112,56.2,6,52,14,1,98569,38
731,0,23,1,1,1,7.2,10.6,96,59.6,5,22,10,1,89328,54
732,1,54,5,1,1,15.0,4.5,126,51.2,5,100,16,1,67724,53
733,1,46,4,0,0,13.5,7.1,127,50.0,8,57,16,1,113048,46
734,1,52,2,1,1,16.9,4.4,137,52.5,10,17,22,1,71222,60
735,0,21,3,1,1,15.6,5.2,95,49.4,2,53,14,1,116695,58
736,1,60,4,1,0,8.6,5.0,147,51.6,0,94,16,1,132270,36
737,0,73,3,1,1,5.5,6.7,131,61.6,0,24,10,1,126537,42
738,1,78,1,1,1,14.0,4.1,118,65.3,5,74,16,0,61769,59
739,1,49,4,0,0,10.6,1.2,123,51.1,8,46,12,1,77357,59
740,1,37,2,1,1,12.1,3.3,132,49.7,1,1,14,1,72448,42
741,0,59,5,0,1,10.1,3.9,122,55.6,4,35,10,1,79746,58
742,0,52,4,0,1,6.1,7.3,134,57.0,0,40,14,0,57674,51
743,1,79,2,1,1,13.8,5.8,133,54.3,2,139,16,1,93222,60
744,0,63,4,0,0,15.4,2.0,71,50.3,1,61,20,1,72462,47
745,0,80,2,1,0,1.4,1.5,96,54.0,4,89,16,1,73121,65
746,1,74,1,0,0,0.5,5.0,110,55.0,3,16,12,1,73751,36
747,1,41,1,1,0,11.1,1.8,78,58.5,6,63,18,1,120727,68
748,1,47,4,0,0,20.1,8.4,118,49.2,6,56,14,0,33647,40
749,0,53,0,1,0,16.3,5.8,135,56.2,4,42,16,0,112436,51
750,0,31,4,1,1,7.1,5.4,155,54.6,5,52,10,1,146810,41
751,1,23,0,1,1,5.3,6.3,114,57.2,5,60,10,1,100058,58
752,0,35,2,0,1,6.6,9.1,125,55.2,1,19,10,0,49314,48
753,0,24,1,1,1,10.4,2.6,129,49.1,1,37,18,1,117885,58
754,1,70,2,0,1,5.5,4.6,127,54.6,7,118,14,0,91422,56
755,1,66,0,0,1,5.9,4.2,130,53.3,7,141,16,0,51775,61
756,0,74,3,1,1,10.5,4.0,152,58.8,4,51,10,1,97157,64
757,0,56,2,0,1,9.5,6.0,120,54.8,1,33,12,1,84421,56
758,1,50,3,0,1,10.2,8.8,116,59.4,7,64,18,1,136630,35
759,1,25,3,0,1,17.3,4.9,110,56.1,3,73,20,0,23923,44
760,1,79,0,1,0,6.3,9.2,125,53.3,9,93,12,1,84819,63
761,0,20,4,1,1,14.8,3.8,90,57.4,4,49,16,1,69316,55
762,0,61,0,1,1,11.6,7.2,98,58.2,0,49,12,1,127562,62
763,0,61,2,0,1,3.1,9.0,111,52.0,3,20,18,1,98944,41
764,1,67,1,1,1,17.4,7.0,120,57.0,4,29,16,1,126469,40
765,1,77,1,0,1,13.5,2.0,87,59.9,7,71,16,1,140304,48
766,1,55,5,1,1,6.1,2.5,94,52.0,4,107,14,1,130164,58
767,0,50,3,0,0,13.9,5.8,129,57.9,5,59,10,0,98416,57
768,0,24,3,0,1,8.6,5.2,110,53.7,1,77,12,1,126851,51
769,0,23,1,1,1,9.3,1.9,87,53.1,0,34,16,1,131689,41
770,0,58,0,1,1,13.9,6.5,118,58.0,0,36,16,1,125090,50
771,0,36,0,0,1,15.7,11.2,111,57.6,0,10,16,1,126122,54
772,1,31,0,0,0,11.3,6.3,141,47.2,5,75,14,1,120200,50
773,0,71,2,0,1,10.4,4.3,139,58.7,3,26,12,1,89452,50
774,0,72,5,0,1,4.9,6.5,143,60.0,3,35,16,1,99974,27
775,0,36,4,0,1,9.7,4.2,144,56.0,2,43,16,0,60343,49
776,0,20,5,1,1,9.6,3.4,136,53.6,0,33,14,1,103792,29
777,1,46,2,0,1,9.9,6.3,149,41.9,6,79,10,1,99130,58
778,1,28,2,1,1,14.2,6.2,109,59.8,5,92,22,1,101111,56
779,0,33,2,1,1,6.0,7.3,119,54.0,2,20,14,1,132853,58
780,0,46,1,1,0,6.3,1.2,112,61.8,1,29,18,1,117636,61
781,1,54,4,1,1,10.9,3.1,134,50.8,1,42,20,1,95035,33
782,0,80,3,1,0,9.3,4.2,130,54.4,3,6,16,1,138517,35
783,1,56,0,0,0,5.9,4.6,128,64.0,8,111,18,0,97204,49
784,1,40,2,0,0,6.0,4.9,96,47.0,3,92,16,0,47205,53
785,0,26,2,1,1,9.5,1.4,106,46.5,0,17,10,0,73191,57
786,0,40,4,0,1,16.2,7.7,115,55.1,5,0,14,1,93459,34
787,0,45,2,1,1,8.8,5.6,71,58.2,4,38,16,1,83524,64
788,0,63,1,0,1,6.0,6.5,113,57.7,0,38,16,0,77250,28
789,1,75,4,1,0,10.4,2.8,130,56.2,2,67,14,1,88132,44
790,0,27,2,1,1,6.1,3.3,138,57.2,1,61,14,1,114685,51
791,1,47,5,1,0,9.3,3.7,91,49.1,3,112,10,0,74896,60
792,1,76,0,1,0,10.2,7.5,115,50.3,5,54,18,0,77466,40
793,0,66,4,1,1,8.2,6.2,112,53.5,1,52,10,0,73485,44
794,1,76,5,1,1,6.4,4.3,138,55.3,9,51,16,0,56254,61
795,0,47,3,0,1,4.7,7.4,124,60.7,2,77,14,1,87198,29
796,1,23,4,0,1,5.6,5.5,103,59.4,5,0,16,0,104104,52
797,1,56,5,0,1,18.3,7.5,92,44.2,4,115,22,0,110253,48
798,0,39,5,0,1,10.1,7.6,103,51.7,3,13,12,0,48460,48
799,1,47,4,1,1,8.7,5.9,120,54.7,5,16,20,0,40935,35
800,1,28,1,1,1,13.0,4.3,121,49.9,4,46,14,0,106507,54
801,1,56,2,0,1,11.4,7.5,145,53.6,1,0,18,1,134848,38
802,0,45,2,1,0,13.0,4.8,122,51.0,3,88,16,1,130687,50
803,1,54,3,1,1,10.5,6.9,115,54.1,5,67,20,0,74041,56
804,1,40,0,1,0,14.3,7.1,118,57.3,4,107,12,0,56438,67
805,1,73,5,0,1,8.6,3.2,122,57.3,4,50,18,1,111198,30
806,0,47,3,0,0,15.2,3.5,114,49.1,0,34,14,1,71294,33
807,0,37,1,1,1,12.7,3.3,105,52.1,0,38,14,1,61638,33
808,0,45,0,1,1,9.4,6.5,146,57.5,1,57,18,1,81362,41
809,0,70,2,1,1,10.2,2.8,99,57.4,1,9,14,1,67186,57
810,1,28,4,0,0,11.4,6.0,123,55.4,5,90,18,1,62348,35
811,0,37,2,0,0,16.9,5.3,134,51.0,2,17,18,1,88095,30
812,0,23,5,0,0,10.0,6.8,129,53.2,1,10,18,0,85232,38
813,0,42,2,1,1,11.2,4.7,113,57.9,3,8,14,0,55073,28
814,1,23,4,1,0,16.6,6.6,104,52.9,1,53,10,0,102229,43
815,1,77,0,1,1,0.0,5.4,108,46.7,0,29,22,1,125415,39
816,0,48,4,1,1,3.8,7.2,123,61.4,4,14,12,1,117329,56
817,0,20,1,1,1,8.7,5.5,133,56.1,2,0,18,1,131569,61
818,1,68,3,0,1,9.0,3.1,123,64.4,6,12,18,1,119981,44
819,0,72,3,0,0,9.5,6.6,132,47.4,3,0,16,1,98489,48
820,0,63,5,0,1,8.8,5.4,148,47.3,4,0,18,0,90737,41
821,0,65,1,1,0,8.6,5.7,133,50.2,0,0,20,0,114877,37
822,1,26,2,1,0,4.1,5.0,145,55.2,6,123,16,1,96887,61
823,1,56,0,0,1,1.8,3.9,138,54.7,5,124,12,0,28559,43
824,1,23,3,1,0,6.9,6.0,107,58.4,0,0,20,0,36356,38
825,1,69,1,0,1,9.7,1.3,109,46.4,5,81,10,1,89456,33
826,0,66,5,1,0,10.7,5.9,111,58.8,5,80,10,1,59777,43
827,1,41,0,1,1,10.3,2.6,131,62.0,8,123,12,1,62590,68
828,0,35,2,1,1,9.3,6.2,130,56.3,3,41,14,0,87828,40
829,1,26,1,1,1,18.0,5.0,121,49.2,3,108,14,1,114174,55
830,0,58,5,1,1,8.3,6.0,142,49.0,5,62,10,0,39084,43
831,0,46,0,0,0,15.6,1.9,107,54.4,0,20,16,1,123954,51
832,0,57,0,0,1,10.8,4.6,121,54.7,4,33,20,1,138025,50
833,1,61,5,1,1,13.9,4.5,80,55.0,7,73,20,1,100345,56
834,1,42,3,1,0,13.8,6.6,119,55.0,9,19,16,1,101145,38
835,1,51,4,0,1,20.7,5.2,52,56.1,8,0,18,1,83711,46
836,1,32,0,0,0,5.2,7.6,98,54.6,4,58,14,1,125993,58
837,0,20,1,1,1,10.1,3.8,116,60.7,5,35,16,1,137755,49
838,0,40,5,1,1,10.2,7.6,125,66.7,1,41,18,1,90027,34
839,1,51,2,0,1,12.9,2.9,118,55.8,0,60,14,1,79676,56
840,1,64,2,1,0,12.3,3.0,96,51.5,5,14,12,0,45586,45
841,1,49,1,1,1,14.3,5.1,115,54.6,7,123,12,1,102072,66
842,0,36,0,1,0,8.5,6.5,147,60.1,4,46,16,1,98710,53
843,1,27,0,1,1,10.2,0.1,118,55.3,4,37,22,1,70984,41
844,1,60,4,1,1,13.1,7.6,130,62.1,10,32,18,1,103551,56
845,0,57,3,0,1,13.2,4.3,114,51.4,2,28,12,1,65339,56
846,1,62,3,1,0,10.9,5.6,119,54.7,5,100,10,1,121823,51
847,1,49,4,0,1,2.6,4.9,134,54.4,6,87,14,0,93741,36
848,1,71,0,0,0,8.5,6.1,126,54.0,7,24,14,1,101784,53
849,1,77,3,0,1,11.3,5.0,125,60.2,5,63,20,1,61162,40
850,0,42,1,1,1,9.2,4.5,140,48.6,0,55,12,1,125209,40
851,0,21,3,1,0,0.1,6.0,113,48.8,4,85,18,0,49674,50
852,1,73,1,0,1,8.0,4.8,130,57.7,6,36,14,1,85156,55
853,0,64,3,0,1,8.4,3.7,86,62.0,4,49,20,1,137993,51
854,1,42,0,0,1,3.6,2.8,158,56.3,5,12,10,1,127884,29
855,1,49,3,1,1,2.8,5.4,107,54.0,5,0,12,1,135003,43
856,1,54,0,1,1,5.8,4.2,125,62.4,5,64,12,1,127315,61
857,1,54,5,0,1,7.0,4.9,141,53.2,6,19,18,0,57497,47
858,0,46,4,1,1,16.1,5.6,145,52.8,2,20,12,0,93711,45
859,1,32,5,0,1,13.2,3.2,152,56.7,0,81,14,1,59926,42
860,0,76,1,0,1,6.1,6.2,138,64.4,3,0,12,0,95404,27
861,0,67,1,0,1,7.9,5.9,133,54.1,0,30,20,1,84768,28
862,0,28,5,1,1,11.4,4.2,133,46.7,3,0,10,1,121473,53
863,1,70,3,1,0,14.1,7.2,131,41.0,7,89,20,0,31975,52
864,0,77,0,1,0,8.6,9.5,115,57.4,3,3,20,1,127135,39
865,0,55,2,0,1,9.4,4.8,112,62.3,2,20,16,1,98963,28
866,0,70,1,0,1,6.4,5.9,111,54.8,2,27,16,1,123547,32
867,1,52,1,0,1,14.7,3.9,154,52.9,5,76,18,1,120853,61
868,1,27,1,0,1,5.2,7.0,161,48.6,8,0,16,1,84316,37
869,1,53,0,1,1,9.3,3.6,105,49.6,5,101,18,1,88927,39
870,1,68,0,0,1,14.4,8.4,114,53.7,1,55,14,1,132262,45
871,0,57,0,0,1,10.3,2.3,74,44.6,4,48,14,1,60031,35
872,0,54,2,1,1,4.0,3.3,161,57.4,1,47,14,0,108591,32
873,1,70,4,1,1,11.5,4.2,135,58.3,3,17,12,1,140660,31
874,1,20,0,0,1,11.8,4.9,98,53.7,6,69,18,0,32358,50
875,0,20,4,0,1,6.3,5.2,140,60.6,4,39,20,0,61030,41
876,0,59,5,1,0,10.5,4.1,120,53.4,1,45,18,1,116281,60
877,0,22,2,0,1,17.0,5.8,120,52.0,2,27,20,1,94728,42
878,0,47,0,0,1,7.1,1.5,124,48.3,1,0,12,1,131326,28
879,0,54,4,0,1,13.2,7.0,112,58.3,3,9,20,1,128062,36
880,1,68,5,0,1,2.9,6.4,125,47.7,1,100,18,1,61451,41
881,0,32,2,0,1,14.2,6.3,128,59.1,0,45,10,0,93954,37
882,0,70,2,0,1,11.9,2.2,113,64.7,3,9,16,0,72770,30
883,0,28,2,0,1,7.6,6.4,117,65.2,3,14,18,0,107720,30
884,0,80,4,0,1,5.6,3.3,107,57.0,0,95,20,0,107617,25
885,0,40,1,0,0,7.2,4.9,107,50.0,1,97,18,0,34777,57
886,0,59,3,1,1,1.7,7.2,157,50.4,3,91,14,1,97272,44
887,0,26,1,1,1,7.6,4.2,139,56.3,3,21,18,0,117296,39
888,1,74,0,1,1,13.3,6.2,112,55.1,7,38,14,0,91486,46
889,0,43,0,0,1,7.2,5.1,97,49.3,4,11,12,0,99355,31
890,0,61,4,0,1,7.8,2.0,117,56.4,1,36,18,1,132452,52
891,1,58,3,1,0,12.7,5.8,132,60.8,8,58,12,1,83436,54
892,1,20,1,0,1,13.4,4.0,123,51.2,6,126,14,1,97992,40
893,1,67,3,1,1,10.6,3.7,167,67.8,8,59,16,0,103456,54
894,0,64,1,0,1,13.8,9.0,109,42.2,5,0,16,1,68772,56
895,0,74,3,1,1,10.5,0.0,87,54.1,1,29,14,1,126587,57
896,1,74,5,0,1,11.1,5.4,108,56.0,7,25,18,0,84616,27
897,1,58,0,1,1,5.9,7.3,126,56.7,2,30,10,1,114570,39
898,0,45,2,0,1,12.4,4.6,122,58.1,3,30,18,1,79078,30
899,1,68,1,0,1,15.0,5.8,117,58.7,8,16,14,1,81826,58
900,1,70,3,0,1,15.7,4.1,113,51.2,1,39,12,0,70824,41
901,1,37,0,0,0,7.7,7.9,86,54.6,5,56,14,1,135026,46
902,1,27,0,1,0,13.5,1.1,155,58.4,8,96,14,1,53868,43
903,1,62,3,0,0,13.6,2.5,129,52.3,7,26,14,0,45597,33
904,1,43,2,1,0,6.3,5.1,118,52.6,5,102,22,1,63948,55
905,1,43,1,0,1,14.3,5.2,133,58.7,7,36,22,0,89294,35
906,0,79,1,1,1,0.0,3.8,139,60.4,3,40,18,0,77211,54
907,1,51,4,1,0,14.2,0.3,98,47.1,5,0,18,1,72483,40
908,0,25,3,0,1,9.3,4.1,125,58.8,4,41,20,1,77139,42
909,1,71,3,0,1,14.3,6.8,129,51.2,4,88,20,0,42845,30
910,0,24,0,1,0,10.8,1.7,115,55.7,0,12,18,1,132893,58
911,0,30,2,0,1,5.2,1.2,129,61.9,1,68,18,1,117169,41
912,0,77,5,0,1,11.6,6.6,115,54.7,4,30,10,1,118055,53
913,1,51,3,0,0,10.0,5.7,114,55.6,8,30,18,1,99983,53
914,1,37,3,0,1,6.7,6.0,129,53.3,5,89,12,1,98334,49
915,1,47,2,1,0,11.9,4.2,133,59.4,6,109,18,1,66182,53
916,0,74,1,1,1,8.5,6.9,107,43.5,2,0,14,1,139837,60
917,0,56,2,0,0,15.5,3.3,123,54.1,2,74,12,0,19555,49
918,0,78,5,0,1,0.8,3.0,146,53.5,2,39,20,0,68513,38
919,1,79,3,1,1,8.1,4.0,107,58.7,9,128,16,1,100075,55
920,1,53,3,0,1,7.1,3.5,100,52.0,3,61,20,1,126143,51
921,1,80,3,1,1,5.7,1.5,129,58.0,3,82,14,1,119132,41
922,1,25,2,0,0,16.3,4.7,108,50.7,3,47,10,1,55245,54
923,0,77,0,0,1,7.4,8.6,100,51.0,3,47,10,1,117627,56
924,0,55,2,1,1,11.9,4.7,115,57.3,1,15,16,1,98622,60
925,1,34,5,0,1,11.5,6.9,104,53.6,5,46,20,0,46418,41
926,0,34,3,0,1,14.4,7.0,123,57.3,0,16,20,1,111760,25
927,1,76,5,1,1,9.5,3.6,152,56.1,5,0,18,1,103137,50
928,1,40,2,1,1,13.0,2.1,167,47.2,8,82,18,1,92264,66
929,0,25,4,1,0,12.6,3.2,140,58.2,0,0,14,0,35398,54
930,0,33,5,1,0,5.5,7.1,111,56.8,5,67,20,1,141630,43
931,1,44,5,0,1,5.1,5.5,103,59.0,5,94,12,1,55336,29
932,0,80,3,0,1,5.2,7.4,113,62.8,1,64,18,1,89422,32
933,1,54,4,0,1,14.0,3.4,100,51.0,5,32,18,1,91417,44
934,0,39,2,1,0,10.5,4.5,167,56.6,3,0,20,1,81270,60
935,0,59,2,1,0,8.2,6.6,126,48.1,3,26,18,1,107247,62
936,1,27,3,1,0,8.3,7.8,106,62.2,7,78,14,1,130982,49
937,1,57,5,1,0,10.0,4.3,87,48.0,9,67,20,1,139379,55
938,1,78,4,0,1,11.2,4.3,80,57.3,6,45,22,1,142279,32
939,1,58,5,0,1,3.9,8.5,131,53.1,6,72,16,1,131064,56
940,1,35,1,0,0,3.9,4.9,112,48.5,6,87,14,0,85725,35
941,0,53,0,0,1,4.3,1.8,140,59.0,4,10,18,1,134167,57
942,0,48,2,1,1,3.7,6.3,110,58.6,1,11,16,1,93455,56
943,0,69,2,0,1,3.5,4.7,112,57.9,5,0,16,0,81618,52
944,0,51,1,1,1,10.7,9.0,127,55.9,5,38,16,1,79167,34
945,1,55,4,1,0,9.3,0.2,144,57.7,7,95,20,1,137358,64
946,1,78,2,1,1,12.1,4.1,118,52.5,8,0,18,0,101799,35
947,1,63,5,1,1,11.4,7.3,107,59.9,4,92,20,1,112760,62
948,0,45,2,1,1,8.4,4.9,121,57.2,4,12,16,0,40697,42
949,1,47,1,1,1,11.8,10.2,153,54.7,6,47,12,1,64890,63
950,0,77,4,1,1,11.6,7.2,110,55.2,1,50,10,0,33029,47
951,0,23,0,0,1,12.9,6.8,118,56.3,5,33,18,1,113542,39
952,0,64,0,0,1,7.9,6.2,138,61.3,5,37,14,1,78909,56
953,0,43,1,0,1,8.8,5.9,139,59.5,5,58,16,1,118606,30
954,0,23,3,0,1,7.9,4.5,144,59.4,5,43,18,0,58345,41
955,0,73,1,1,1,7.1,6.1,111,51.9,3,30,10,0,79504,40
956,0,39,3,0,0,11.8,4.0,124,54.3,4,41,20,1,113804,36
957,1,30,4,1,1,5.5,7.0,88,57.3,5,117,18,1,118652,50
958,1,51,5,1,1,9.2,6.3,99,53.1,2,60,10,0,39396,39
959,0,64,2,1,1,1.5,3.0,120,53.0,0,36,16,1,80012,59
960,0,46,3,0,1,1.1,4.5,94,56.6,2,1,20,0,45257,41
961,1,34,4,0,1,14.7,1.3,89,64.5,7,74,12,1,101522,39
962,1,55,5,0,1,7.9,6.2,147,58.1,4,94,14,0,83136,43
963,0,63,2,1,1,7.6,7.1,129,59.4,3,57,14,1,113186,46
964,0,70,3,0,1,9.6,5.4,126,53.9,5,0,18,1,144452,32
965,0,79,1,1,1,6.1,7.8,149,57.9,2,78,12,0,93188,56
966,1,67,5,1,1,8.1,5.0,116,53.3,2,87,16,1,62017,55
967,1,34,5,0,1,16.8,3.7,83,45.9,2,15,14,1,132250,49
968,0,38,0,0,1,13.7,8.1,85,48.4,2,0,14,1,99857,36
969,1,76,0,0,1,10.0,1.7,114,54.6,9,86,12,1,138440,37
970,1,71,0,1,0,5.0,5.1,119,52.0,0,94,18,1,110909,59
971,1,36,1,0,0,7.8,11.7,124,44.2,7,21,18,0,87674,39
972,0,24,2,0,0,6.6,5.6,117,51.0,0,68,20,0,86481,31
973,1,67,5,1,1,17.6,4.4,118,53.1,3,45,18,0,52910,56
974,0,67,5,0,1,10.2,5.7,128,55.5,1,37,18,1,99875,40
975,1,45,3,0,0,14.4,6.2,145,67.2,3,27,10,1,58578,28
976,0,34,5,1,1,17.8,5.6,129,48.8,3,19,12,1,125958,55
977,0,39,4,1,1,7.3,1.2,134,57.8,0,52,14,1,63923,43
978,1,34,1,1,1,17.4,4.0,91,46.1,7,132,20,0,103997,55
979,1,46,3,0,1,4.4,8.1,151,55.3,2,75,12,1,126628,60
980,1,75,0,0,1,10.2,2.8,87,56.6,8,0,12,1,100020,50
981,1,45,1,1,0,0.4,5.4,90,61.3,3,55,16,0,84818,42
982,0,25,1,0,1,9.7,8.1,99,53.2,0,34,16,1,97687,49
983,0,77,1,1,1,7.8,6.1,86,48.9,4,23,18,0,35992,39
984,0,64,2,1,0,10.3,5.8,100,48.2,4,60,18,1,97743,39
985,0,61,0,1,0,12.7,5.3,104,58.2,1,27,10,1,81156,59
986,0,35,5,0,1,7.1,6.8,127,63.5,5,0,12,1,74126,45
987,0,42,4,0,1,9.3,7.9,143,66.3,4,9,12,1,124541,49
988,1,50,5,0,0,11.4,5.0,115,62.2,5,62,22,1,119278,29
989,1,34,2,1,1,9.7,4.3,123,49.3,6,0,10,0,67408,56
990,1,58,3,1,0,7.6,3.0,86,48.6,4,79,14,1,141014,55
991,0,21,0,1,0,13.7,8.2,141,62.4,2,0,20,1,117503,62
992,0,41,5,0,1,12.7,5.3,126,56.3,5,36,14,0,82564,38
993,1,65,5,0,1,7.0,3.8,141,50.0,2,85,10,1,72961,42
994,0,65,5,1,1,14.9,4.7,112,59.1,4,41,12,1,84988,34
995,0,80,0,1,0,11.8,4.6,91,56.9,1,70,16,0,53741,55
996,1,55,2,0,0,11.2,3.5,97,63.9,8,13,12,0,19206,38
997,0,68,5,0,1,16.9,5.8,99,53.7,2,0,14,1,103111,27
998,1,54,5,0,1,10.5,5.7,126,50.1,7,44,20,0,94723,41
999,1,69,0,1,1,10.9,5.8,97,50.6,10,69,16,0,77169,64
1000,1,32,5,1,1,16.2,7.3,151,54.0,4,77,20,1,110536,57
1001,0,42,4,1,0,9.6,5.8,114,53.7,0,41,18,1,96587,44
1002,0,53,1,1,0,7.7,4.3,101,56.7,5,11,16,1,132148,45
1003,1,44,0,0,1,12.0,3.9,135,56.2,9,104,20,1,91294,50
1004,1,27,2,1,0,16.5,5.9,103,56.9,4,97,16,0,33937,44
1005,1,38,1,0,1,10.1,2.4,125,56.0,6,60,12,1,136755,61
1006,0,38,1,0,0,13.7,4.0,158,56.5,3,0,10,1,81333,45
1007,0,50,3,1,1,7.2,5.4,112,54.4,3,19,18,1,94888,47
1008,0,58,1,0,1,14.4,5.8,94,55.6,2,45,20,1,73187,51
1009,0,31,5,1,1,10.1,3.3,128,61.2,0,17,12,1,138905,55
1010,1,22,0,0,1,8.1,3.8,143,62.2,9,21,20,1,98639,47
1011,0,24,1,0,1,4.4,6.4,106,51.3,5,51,20,1,123764,35
1012,1,35,0,0,0,15.0,5.0,134,51.9,10,63,16,1,136720,39
1013,0,39,4,0,1,8.0,6.4,120,53.5,0,38,18,1,119365,40
1014,0,26,2,0,1,11.1,4.5,120,59.0,3,0,20,1,140033,33
1015,1,63,0,1,0,3.3,3.9,106,55.7,7,19,10,0,72988,46
1016,1,27,0,1,1,13.2,7.4,108,52.0,6,69,14,1,73919,51
1017,1,35,0,1,1,10.3,3.7,105,54.9,5,76,16,1,75120,65
1018,0,33,3,1,0,12.7,6.4,124,53.7,1,47,10,1,140881,40
1019,0,74,4,0,1,4.2,6.8,82,42.5,2,0,16,1,96717,54
1020,0,41,3,1,0,6.0,2.1,148,59.9,1,66,16,1,113114,60
1021,1,74,5,1,1,10.5,4.4,122,55.4,7,132,12,1,64957,41
1022,0,34,1,1,0,9.8,5.4,113,53.9,2,5,10,1,54913,35
1023,1,65,1,1,1,7.2,3.4,70,63.3,8,30,10,1,57505,35
1024,1,53,3,1,1,8.4,5.0,113,58.0,6,69,22,0,89127,52
1025,0,73,0,0,0,4.2,5.9,135,47.6,5,20,20,1,115810,35
1026,1,41,5,0,0,6.4,3.2,93,58.4,6,88,20,1,121595,50
1027,1,22,0,1,1,15.3,3.9,120,55.0,4,62,18,1,71767,41
1028,1,80,3,1,0,6.7,5.6,111,48.8,3,27,16,0,70427,51
1029,1,62,3,1,1,10.8,7.6,131,56.0,5,56,20,1,139087,48
1030,1,77,0,1,1,7.9,6.8,107,53.6,4,52,12,1,74766,37
1031,0,64,3,0,1,16.1,6.6,119,55.1,2,63,20,1,104777,50
1032,0,45,1,0,1,7.6,9.6,123,59.0,3,30,10,1,115424,49
1033,0,58,4,1,1,7.8,3.8,100,51.5,1,0,20,0,98751,26
1034,1,76,2,1,1,11.8,1.9,106,45.5,1,67,12,1,101883,53
1035,0,25,5,1,1,6.4,5.5,100,53.1,2,42,16,0,84505,39
1036,1,60,5,0,1,12.1,2.7,135,57.3,3,18,16,0,105980,52
1037,0,30,2,1,1,15.8,6.2,71,56.5,2,77,18,1,103376,38
1038,1,77,4,1,1,5.3,5.9,114,46.1,5,32,10,1,77383,37
1039,0,31,0,0,1,16.2,9.0,142,48.2,0,63,10,1,109686,46
1040,1,63,0,0,1,17.3,4.0,116,54.4,6,49,20,1,120614,36
1041,0,44,3,0,1,12.2,7.2,135,53.5,4,0,18,0,79515,52
1042,1,38,0,0,0,13.9,10.5,106,55.2,4,35,22,1,109807,37
1043,0,56,2,1,1,7.7,7.1,145,55.1,0,0,14,1,149115,57
1044,1,66,1,1,0,11.6,7.1,134,52.6,4,61,12,1,68847,38
1045,0,51,2,1,0,14.4,8.2,115,48.8,3,17,12,1,97551,55
1046,0,32,5,1,1,8.4,5.4,103,52.0,5,18,18,0,57502,57
1047,1,25,1,0,1,11.2,5.2,149,51.2,7,84,16,1,136881,32
1048,0,61,3,1,0,9.3,3.6,141,50.0,3,31,12,1,137464,46
1049,0,37,0,0,1,8.8,3.2,146,52.7,3,10,20,0,81052,52
1050,1,78,3,0,1,12.1,6.9,153,52.8,5,138,14,1,69268,48
1051,0,32,2,0,1,8.2,6.6,128,62.3,3,5,10,1,115468,49
1052,1,67,5,1,0,6.3,2.9,119,59.0,2,116,12,1,60678,61
1053,0,45,1,0,1,7.8,4.9,110,53.4,4,50,14,0,37827,25
1054,1,25,3,0,1,3.2,5.8,148,53.9,5,71,20,1,122033,39
1055,1,77,4,0,0,15.8,4.7,130,48.4,3,18,14,1,70317,38
1056,1,32,0,1,1,2.9,6.6,87,44.4,5,45,14,1,65916,64
1057,0,28,0,0,1,8.2,7.5,93,50.3,5,0,16,0,58967,34
1058,0,27,2,0,1,8.5,5.9,139,42.8,2,24,12,0,111993,46
1059,0,72,5,0,0,12.9,8.1,114,54.8,2,56,18,1,106394,50
1060,0,71,5,0,0,19.7,3.6,147,67.2,5,41,12,1,124248,36
1061,1,34,2,1,0,9.8,6.5,95,55.4,4,27,22,1,139286,61
1062,1,25,5,1,0,9.8,5.6,140,46.0,6,69,10,0,80774,44
1063,0,56,0,1,1,4.7,4.2,119,48.3,4,35,12,0,99532,39
1064,1,52,4,1,0,9.3,6.3,107,49.9,5,17,20,1,103393,60
1065,0,68,1,1,0,17.3,2.2,107,64.6,0,53,20,1,127751,36
1066,1,51,1,0,1,6.4,5.1,113,59.5,4,101,18,1,106400,54
1067,1,32,5,0,0,9.5,4.7,125,52.0,8,86,20,1,87150,49
1068,1,61,5,1,0,11.4,2.3,106,60.4,10,90,18,1,64322,42
1069,1,42,0,0,1,6.4,4.1,101,57.2,10,44,16,0,39293,29
1070,0,67,0,0,1,11.3,6.8,124,61.2,1,39,12,1,56491,49
1071,1,58,1,1,0,13.7,6.1,134,56.6,4,15,20,1,139190,37
1072,1,58,3,0,1,11.9,4.3,75,51.9,2,71,18,1,141132,35
1073,1,57,1,1,1,10.5,4.1,100,51.2,5,78,18,1,63323,38
1074,0,77,3,0,1,12.8,5.7,147,49.3,3,20,20,1,100209,33
1075,0,41,0,0,1,8.5,4.1,121,52.1,5,37,12,1,60493,57
1076,0,41,1,0,0,6.1,4.0,126,55.7,2,52,10,0,52225,28
1077,1,41,2,1,1,9.1,4.0,99,55.0,4,106,22,1,85654,43
1078,0,27,2,1,0,12.3,5.6,121,51.7,2,43,16,1,115653,58
1079,0,40,1,1,0,6.3,10.4,116,55.0,1,65,16,1,124948,48
1080,1,77,4,0,1,8.2,5.4,124,58.9,3,108,12,0,51378,42
1081,0,36,2,0,1,5.8,3.8,113,53.0,2,86,18,1,135002,44
1082,0,37,5,1,1,9.2,6.3,118,56.2,1,32,10,0,86027,46
1083,0,31,4,1,0,15.1,6.8,94,54.6,1,31,16,1,134779,50
1084,0,58,3,1,0,9.9,7.5,89,49.1,0,51,10,1,136198,47
1085,0,60,3,1,0,14.9,4.1,110,50.9,5,30,20,1,142492,60
1086,1,38,0,1,1,5.4,4.4,111,62.4,10,53,16,1,110583,49
1087,1,39,2,1,1,8.6,5.1,153,61.0,1,86,16,1,85177,59
1088,1,49,4,1,1,11.2,3.2,137,51.3,4,56,12,0,65142,30
1089,0,21,2,1,1,10.6,4.2,157,46.6,1,47,20,1,78759,35
1090,0,41,2,1,0,12.2,6.4,95,45.0,4,4,16,0,94434,56
1091,1,54,0,0,1,0.2,5.3,106,54.9,2,111,22,1,132507,58
1092,0,58,1,0,1,6.3,4.5,126,57.5,1,36,14,1,71235,51
1093,1,75,5,1,1,15.4,2.0,125,56.7,8,87,14,1,134980,64
1094,1,30,0,1,0,12.0,5.6,109,54.8,1,46,10,0,88628,50
1095,1,35,5,1,1,14.3,3.4,105,53.5,7,47,18,1,70405,36
1096,0,25,3,1,0,7.3,3.4,119,48.2,0,22,20,1,109073,43
1097,1,52,1,0,1,10.1,3.0,106,62.7,4,60,12,1,84507,52
1098,0,47,0,1,1,11.5,5.2,144,45.9,2,31,10,1,95058,63
1099,1,26,5,1,1,5.5,3.8,100,51.7,6,15,16,0,52775,40
1100,1,53,5,0,1,7.7,3.7,83,53.9,3,46,14,0,76027,31
1101,1,70,2,0,1,8.6,3.4,111,53.4,5,152,22,1,59298,56
1102,0,34,1,1,1,2.0,6.8,129,58.3,2,72,12,0,58889,62
1103,0,28,3,0,0,8.6,4.8,124,59.4,2,29,10,1,81352,39
1104,1,71,2,1,1,16.0,9.3,102,51.9,5,43,10,1,111521,36
1105,0,77,4,0,1,6.4,3.9,138,60.1,4,31,16,1,94129,44
1106,1,60,2,0,1,9.1,5.4,109,65.8,5,101,10,1,121596,54
1107,1,34,1,1,1,13.9,5.3,147,55.9,6,94,20,1,124615,63
1108,0,35,0,1,1,12.4,4.9,138,57.3,2,23,14,1,89971,51
1109,1,44,5,0,1,15.4,7.8,127,57.8,4,8,14,1,55901,36
1110,1,40,5,0,0,12.3,7.3,86,50.9,7,0,20,1,95681,27
1111,0,46,0,0,1,6.9,7.0,154,47.1,0,38,20,1,122519,51
1112,0,51,4,1,1,8.8,9.1,142,50.6,4,31,10,1,141286,61
1113,0,45,2,1,0,12.5,6.9,118,54.7,2,17,20,1,74391,39
1114,1,26,5,1,0,1.2,5.9,106,50.6,6,44,20,1,104055,41
1115,1,48,3,1,1,13.1,5.5,140,63.6,6,61,10,1,121049,48
1116,1,33,1,1,1,11.0,4.5,112,61.1,5,66,14,1,68839,35
1117,1,59,5,0,1,16.2,6.9,124,55.0,7,59,18,1,69568,55
1118,0,27,4,1,1,5.8,2.1,114,51.0,5,47,20,1,76335,39
1119,1,64,4,1,1,7.2,0.6,156,54.8,6,80,14,0,41416,53
1120,0,24,1,1,0,9.0,7.3,117,50.9,5,55,12,0,55304,33
1121,1,74,2,1,1,13.8,5.0,159,49.8,5,37,18,1,128776,35
1122,0,56,3,0,1,11.6,4.1,73,60.7,1,10,10,0,100578,33
1123,0,76,2,0,1,4.7,3.9,135,58.5,2,38,18,0,109293,54
1124,1,66,5,1,1,14.4,3.5,121,56.6,8,84,18,1,106039,61
1125,0,54,2,1,1,8.7,7.0,125,50.8,2,13,10,1,142710,53
1126,1,49,5,0,1,15.1,4.3,95,51.0,9,60,14,0,72576,58
1127,1,33,0,0,1,9.3,7.5,147,58.5,3,82,14,1,124558,48
1128,1,40,3,0,1,12.8,4.2,152,42.5,4,26,10,1,88943,46
1129,1,24,3,0,1,14.8,7.9,105,58.0,2,84,18,1,83230,53
1130,1,48,5,1,1,7.6,4.4,111,41.7,6,72,20,1,109494,38
1131,1,32,0,1,1,10.9,7.2,135,54.0,3,45,22,1,62927,60
1132,1,44,1,0,1,14.5,4.2,142,56.0,6,24,12,1,136233,47
1133,1,30,2,1,1,13.8,3.4,145,48.7,9,94,18,0,104365,39
1134,0,37,3,1,0,5.3,1.3,160,53.9,1,27,14,0,100593,43
1135,0,70,5,0,0,11.1,5.5,142,51.1,1,27,20,1,114063,29
1136,1,73,4,1,1,10.8,5.1,65,54.5,5,56,16,0,42042,59
1137,0,73,1,1,1,7.5,2.7,134,57.1,2,67,14,1,77390,58
1138,0,34,0,0,0,11.7,0.2,89,55.0,0,46,16,1,100733,49
1139,0,54,3,0,1,6.9,5.4,114,58.0,3,46,16,0,27593,37
1140,0,21,1,0,0,10.2,2.0,141,53.6,4,30,14,1,90617,52
1141,1,70,0,0,0,6.5,4.1,119,51.1,2,75,12,0,65504,37
1142,1,52,5,0,0,13.6,5.7,117,52.5,5,87,14,1,107375,37
1143,0,24,4,1,0,7.1,5.3,133,52.9,0,23,18,1,87429,46
1144,1,50,0,1,1,11.9,4.0,122,56.4,10,31,20,1,121666,53
1145,1,26,3,1,1,4.2,3.6,126,55.4,6,105,20,1,149559,66
1146,1,44,2,0,1,12.9,1.7,120,67.1,4,110,16,0,107124,51
1147,1,58,4,1,0,5.9,5.5,147,57.4,9,111,14,0,51745,69
1148,0,60,2,1,1,5.2,5.2,107,53.6,1,33,12,0,101109,54
1149,0,46,1,1,1,6.3,1.1,156,64.4,0,33,20,1,150444,40
1150,0,53,3,1,1,8.3,2.0,150,56.3,1,33,16,1,141989,36
1151,1,22,1,0,0,12.2,3.3,130,46.1,7,71,18,1,72725,35
1152,0,59,0,0,1,2.5,5.1,111,49.2,0,0,18,1,111941,55
1153,1,68,2,0,1,4.2,9.0,129,59.5,6,108,18,1,103252,62
1154,0,61,0,1,1,9.7,7.0,112,44.7,0,32,20,1,66037,63
1155,1,65,4,1,0,7.7,3.4,105,53.6,8,158,18,0,109644,50
1156,0,54,2,0,0,2.1,3.9,135,64.0,4,0,20,1,118295,48
1157,1,54,0,1,1,8.2,6.1,152,58.3,4,66,12,1,57035,52
1158,0,69,1,1,1,6.4,9.1,100,46.6,0,43,12,0,91632,55
1159,0,48,3,1,0,9.5,3.2,122,56.1,1,68,12,1,121029,45
1160,0,52,1,0,1,3.8,7.1,122,53.1,2,2,12,1,140456,53
1161,1,50,0,0,1,12.7,3.7,127,56.5,9,72,18,1,75657,38
1162,1,79,0,1,0,8.6,5.4,140,60.0,3,30,18,1,110225,35
1163,0,22,1,1,0,13.2,4.4,98,58.4,3,54,10,1,82176,54
1164,0,69,2,0,0,9.1,2.9,106,55.3,2,23,18,1,137705,36
1165,1,37,2,1,1,12.5,6.8,121,47.4,4,120,18,1,76255,61
1166,0,24,2,1,1,2.7,5.1,150,63.5,2,38,16,1,91628,35
1167,0,27,2,0,1,17.6,5.5,118,54.2,4,79,16,0,31437,30
1168,0,62,5,1,1,11.7,7.8,118,52.1,5,31,10,1,123931,40
1169,0,50,3,1,1,8.1,3.7,140,53.8,4,72,18,1,85897,40
1170,1,80,0,0,1,0.0,8.5,127,61.6,4,54,18,1,121219,38
1171,1,63,3,0,0,10.0,5.0,102,57.7,7,67,16,1,83888,53
1172,1,24,0,1,1,16.1,2.3,110,53.1,3,116,20,1,120916,55
1173,0,21,2,1,1,13.8,5.8,137,56.5,0,6,10,0,73504,30
1174,0,38,0,1,0,6.3,4.0,123,61.5,2,11,18,1,139559,56
1175,0,53,0,1,0,6.0,4.9,113,57.2,5,0,14,1,136684,60
1176,0,24,5,0,0,14.1,3.3,156,59.5,1,19,20,1,107393,54
1177,0,20,5,0,1,14.7,6.6,113,50.2,2,86,12,1,68126,40
1178,1,74,0,0,1,13.6,3.7,113,52.2,4,73,10,0,46665,42
1179,0,70,0,1,1,12.0,4.9,165,59.3,3,0,16,1,131212,36
1180,0,32,3,1,1,8.3,5.7,126,54.9,4,48,16,1,114131,41
1181,1,67,2,1,1,6.2,5.9,85,58.7,7,35,12,1,140733,55
1182,1,28,4,0,1,7.1,3.4,133,58.7,10,18,20,1,99995,41
1183,0,22,2,1,1,15.1,6.0,121,52.4,2,0,18,1,103983,48
1184,0,70,1,0,1,15.5,3.4,147,57.2,0,0,10,1,112875,51
1185,1,54,3,0,1,11.4,3.5,120,57.7,2,49,10,1,76239,52
1186,0,35,4,1,1,11.4,6.5,124,57.1,2,53,14,1,132543,49
1187,0,66,1,0,1,9.2,4.0,113,62.9,1,78,14,1,65778,60
1188,0,64,0,0,1,14.0,6.5,107,58.0,5,0,12,1,85713,44
1189,1,70,4,1,1,14.9,2.6,138,56.8,3,127,12,1,84197,44
1190,1,68,1,0,0,15.8,4.8,107,51.1,5,98,18,1,106556,65
1191,0,31,4,0,1,13.3,7.8,162,52.0,5,89,12,1,56080,38
1192,1,67,1,1,0,10.8,6.3,156,60.9,7,69,14,1,112418,67
1193,0,67,5,0,1,9.7,4.5,143,60.7,0,24,12,1,96499,30
1194,0,41,3,1,1,7.9,6.6,121,62.2,3,16,20,1,138666,39
1195,0,77,4,0,1,6.7,6.5,145,59.7,1,84,20,0,75469,50
1196,1,50,3,1,1,10.4,3.9,71,66.1,9,119,16,1,61039,41
1197,1,75,4,0,0,7.6,4.6,124,59.0,6,60,18,1,67173,47
1198,0,57,0,1,0,11.0,6.9,124,64.7,0,36,18,1,98280,65
1199,1,27,0,0,1,14.1,7.5,140,55.1,3,78,14,1,55861,46
1200,0,65,5,0,0,14.8,5.7,108,62.5,4,0,16,1,112328,45
1201,0,36,5,1,1,7.1,4.4,147,54.7,1,25,10,0,67025,35
1202,0,26,5,1,1,8.2,2.0,142,51.3,1,26,14,0,36729,55
1203,0,72,4,0,0,3.4,1.1,127,57.6,4,37,10,1,136236,50
1204,1,52,4,1,1,3.0,1.0,114,54.2,6,56,18,1,72767,39
1205,0,72,2,1,1,8.7,6.5,150,57.0,0,27,20,1,110621,40
1206,1,69,0,1,0,3.4,7.1,152,59.4,2,66,18,1,82073,61
1207,1,29,1,1,1,2.5,4.4,103,48.6,4,33,16,1,140456,51
1208,0,68,4,1,0,3.6,4.2,105,60.2,1,8,14,0,74816,50
1209,0,38,5,0,0,17.5,3.4,115,53.3,5,28,10,1,127137,33
1210,1,72,5,0,1,11.0,4.8,110,51.0,5,47,16,0,35412,54
1211,0,51,5,1,1,8.8,5.6,123,56.6,0,46,20,0,48914,46
1212,0,73,2,1,1,2.3,3.7,158,58.1,4,60,14,1,128066,59
1213,1,58,2,0,1,11.7,1.5,131,56.2,1,51,18,0,68792,53
1214,1,38,5,1,1,6.0,8.9,108,50.5,2,29,18,1,68681,56
1215,1,32,5,1,1,7.0,4.0,145,51.0,5,64,16,1,138389,40
1216,0,36,2,0,1,7.2,1.7,104,56.7,1,73,18,1,63473,35
1217,1,47,2,0,1,15.4,7.6,124,58.7,7,14,20,1,122188,56
1218,1,75,3,0,1,14.4,5.8,123,53.1,7,81,14,1,72967,42
1219,1,59,3,1,0,12.6,2.8,125,58.6,10,0,16,1,123727,44
1220,0,56,4,1,1,15.3,4.7,112,50.9,0,37,14,1,104578,58
1221,1,35,2,0,0,17.8,6.9,144,56.2,6,122,14,1,71104,36
1222,0,44,3,0,0,13.5,0.5,110,61.3,3,31,16,1,66370,48
1223,0,66,2,0,0,10.9,2.3,90,45.4,2,46,16,1,130632,32
1224,1,47,5,0,0,5.7,4.3,136,49.4,6,74,14,1,53375,51
1225,0,27,3,1,1,11.2,2.0,119,50.5,1,59,20,0,116010,42
1226,1,28,3,1,1,7.0,5.2,124,54.6,3,154,12,1,78655,39
1227,1,53,4,1,1,12.7,2.5,78,55.6,0,82,16,1,108963,59
1228,1,68,1,0,1,9.0,1.2,149,44.8,4,53,14,1,62002,58
1229,0,39,1,1,1,6.5,4.1,131,51.3,5,53,16,1,73146,47
1230,1,80,2,0,0,17.0,6.8,138,56.4,8,45,22,1,71609,50
1231,1,21,0,0,1,15.7,5.9,104,46.9,0,72,18,0,103125,27
1232,1,60,5,1,0,15.0,6.5,128,55.1,5,135,20,1,93364,56
1233,0,38,5,0,1,11.5,4.2,120,53.4,2,48,14,1,57730,45
1234,1,31,1,0,1,0.5,4.1,118,51.2,6,115,20,1,136833,57
1235,1,46,2,1,0,11.1,7.4,112,54.8,4,20,12,1,136714,54
1236,1,31,3,0,1,11.9,4.8,134,56.2,7,76,18,1,62986,59
1237,1,76,2,1,1,1.8,5.2,98,54.7,6,47,10,1,87392,40
1238,0,20,2,1,1,9.1,5.7,143,58.2,2,0,14,1,86468,57
1239,1,28,4,1,0,7.0,5.9,128,54.3,9,101,20,0,115054,39
1240,0,68,4,0,1,7.7,5.0,124,46.2,2,41,18,1,83370,55
1241,1,30,3,0,1,6.5,9.2,150,59.6,4,24,12,1,96732,31
1242,0,28,1,0,1,11.6,1.3,99,62.4,5,66,12,0,92118,41
1243,1,26,1,1,1,10.9,6.0,131,56.9,6,32,12,1,94544,58
1244,1,56,1,0,1,13.4,5.6,172,64.9,7,67,14,0,88493,28
1245,1,32,1,0,0,11.8,3.8,107,54.8,9,90,20,0,101224,50
1246,0,51,4,1,1,10.4,3.5,116,52.3,0,55,14,1,139765,41
1247,0,63,0,0,1,14.5,5.2,103,51.8,2,50,16,0,35014,37
1248,1,29,5,1,1,8.9,6.8,111,49.2,2,35,22,0,120033,55
1249,1,78,5,1,0,11.3,5.1,110,47.3,7,115,14,0,84902,65
1250,1,51,4,1,1,8.7,3.7,150,52.9,8,62,12,1,122076,68
1251,1,77,2,0,1,10.7,3.4,110,59.9,2,42,18,0,43785,52
1252,1,62,2,0,0,13.7,7.0,83,54.7,5,29,12,0,81276,55
1253,1,48,0,1,1,0.2,6.2,132,54.6,7,12,22,1,64079,56
1254,1,37,3,0,1,15.8,6.0,109,57.3,6,29,18,1,74259,53
1255,0,78,4,0,1,15.7,2.7,175,53.6,3,14,18,1,107000,48
1256,0,38,3,0,1,14.1,4.8,121,51.9,1,73,18,1,81250,33
1257,0,65,3,0,0,5.9,6.5,126,55.9,4,37,20,0,65438,51
1258,0,36,4,0,1,11.6,5.7,135,56.9,4,28,14,0,76645,49
1259,1,67,3,0,0,13.1,3.5,132,64.2,7,73,14,1,136091,54
1260,1,39,5,0,1,15.2,4.5,138,52.3,5,53,18,0,71295,43
1261,1,60,1,1,1,1.6,4.5,158,61.0,6,55,14,0,48145,60
1262,0,71,1,1,1,8.8,2.3,130,52.2,1,4,16,0,99245,31
1263,1,61,3,0,1,8.2,8.8,140,58.8,5,20,12,1,83772,44
1264,1,72,5,1,0,9.6,5.8,140,55.2,10,76,16,1,116862,48
1265,0,51,5,1,1,6.7,3.7,124,50.4,0,54,18,1,73099,56
1266,0,38,0,0,1,4.2,6.7,116,53.7,1,29,18,1,114992,40
1267,1,69,5,0,0,17.3,7.5,118,53.9,3,119,16,1,125732,36
1268,0,28,4,1,0,7.1,0.0,135,56.2,2,61,14,0,75079,38
1269,0,44,2,1,1,15.3,6.7,92,50.8,2,66,12,1,135071,33
1270,1,38,3,0,0,9.1,5.7,143,54.5,1,92,14,1,88618,34
1271,0,39,0,0,0,15.7,5.8,81,61.2,0,48,12,0,29934,36
1272,1,40,4,0,1,15.1,6.9,143,55.0,6,75,12,0,86795,26
1273,0,52,5,0,1,15.1,7.5,116,56.2,5,3,16,0,41234,30
1274,1,38,4,1,1,5.5,6.7,129,50.8,9,95,20,1,114680,49
1275,1,29,3,0,1,10.2,3.2,91,55.8,3,5,14,0,28653,52
1276,0,68,2,1,0,8.5,6.6,89,58.9,4,0,18,1,148419,38
1277,0,80,5,1,1,11.7,4.6,121,53.3,0,29,20,1,150757,35
1278,1,57,5,0,1,8.6,5.0,154,55.0,8,103,12,0,27299,45
1279,1,20,3,1,1,6.7,8.1,87,51.7,3,26,12,0,59026,38
1280,1,60,4,1,1,9.7,1.2,98,72.1,5,0,12,0,79433,51
1281,0,30,0,0,1,6.9,5.9,116,48.8,0,45,14,1,59141,57
1282,0,65,3,1,1,12.8,8.9,113,51.9,4,12,12,0,47810,57
1283,0,42,5,1,0,11.7,9.2,132,56.2,0,14,16,1,77963,48
1284,0,31,4,1,1,10.0,5.7,86,63.6,0,42,12,1,99706,53
1285,1,20,2,1,1,6.2,3.4,128,59.6,5,0,16,1,61441,45
1286,1,72,5,0,1,13.3,3.7,122,56.3,6,63,18,1,82824,28
1287,1,55,5,0,1,16.2,5.9,131,51.6,9,73,12,0,96537,38
1288,0,51,1,1,0,8.6,0.2,127,48.7,0,73,10,0,100772,56
1289,1,23,0,0,1,9.1,5.9,101,57.4,8,58,16,1,57385,41
1290,1,71,5,0,0,14.1,5.5,107,51.6,6,157,18,1,108167,46
1291,0,31,3,0,1,17.3,5.3,97,55.6,1,12,14,0,88402,20
1292,0,70,4,0,1,9.7,3.3,123,56.5,1,56,10,1,64740,51
1293,1,27,0,0,0,11.2,7.8,114,51.1,6,74,16,1,112173,44
1294,1,76,1,0,1,0.1,3.7,104,60.5,9,105,20,1,62591,39
1295,1,59,2,0,1,12.1,3.4,116,56.9,7,65,12,1,57347,39
1296,0,38,0,1,1,11.7,6.0,117,58.5,1,54,14,1,99062,41
1297,0,49,5,1,1,9.3,6.8,145,60.1,4,57,14,1,90362,62
1298,0,41,5,0,1,17.1,8.6,92,57.7,5,53,16,1,100440,58
1299,0,55,1,1,1,15.4,4.6,125,54.4,2,37,14,0,84331,41
1300,0,62,3,0,1,6.7,7.4,110,53.6,1,4,10,1,69617,42
1301,1,63,0,0,1,16.1,6.2,161,57.0,2,103,22,1,129517,56
1302,0,22,4,0,1,10.0,7.7,106,53.3,1,12,10,1,115315,41
1303,0,56,1,0,1,5.7,4.1,112,55.4,3,22,18,1,124501,53
1304,0,34,2,0,1,16.5,3.5,170,56.7,2,39,12,1,62544,46
1305,0,76,0,0,1,13.9,5.3,132,51.7,2,14,10,1,109701,38
1306,1,31,2,1,1,5.1,2.3,138,56.5,6,17,20,0,51707,51
1307,0,67,1,1,0,8.7,4.6,129,51.8,3,31,12,0,90896,38
1308,0,76,2,1,1,7.2,7.5,119,64.1,3,83,16,1,92136,43
1309,1,56,4,0,1,9.7,5.1,111,54.5,8,91,14,1,124128,49
1310,0,80,0,0,0,11.3,6.1,137,48.3,3,2,12,1,99435,30
1311,0,50,0,0,0,11.6,5.4,118,53.6,1,9,20,1,144328,44
1312,0,36,2,1,1,15.0,5.4,150,53.5,1,32,16,1,62462,45
1313,0,36,2,1,1,18.7,5.9,129,61.0,3,58,14,1,80398,47
1314,0,20,2,0,0,12.7,0.0,96,63.8,5,40,20,0,80824,39
1315,1,39,0,1,0,15.8,3.2,134,57.3,4,60,22,0,82204,63
1316,1,24,4,1,1,13.9,5.0,109,58.4,6,41,20,1,70672,46
1317,1,69,0,1,1,3.2,6.7,130,57.9,6,45,16,1,110671,57
1318,0,67,5,0,1,12.0,5.3,115,56.5,2,22,12,0,81012,42
1319,0,25,3,0,1,12.7,3.7,72,46.4,3,46,10,0,80329,43
1320,0,21,1,1,1,8.6,8.2,79,54.3,1,37,10,1,91151,51
1321,0,46,2,0,0,3.3,6.4,115,48.8,2,24,14,1,101980,37
1322,0,25,3,0,1,9.8,6.9,97,54.9,0,18,12,1,77302,28
1323,1,20,3,1,0,4.7,4.8,127,54.8,4,19,12,0,52352,41
1324,0,49,4,0,1,6.3,6.2,132,55.8,2,42,20,1,145068,35
1325,1,24,3,0,1,8.0,4.3,165,54.1,5,117,20,1,66012,40
1326,1,24,4,1,0,10.1,6.7,114,63.1,3,3,12,1,57684,33
1327,0,65,0,0,1,14.9,5.4,99,56.1,0,1,16,1,90656,44
1328,1,57,2,1,1,6.0,6.3,78,56.4,10,103,12,0,73430,63
1329,1,34,0,1,1,7.8,4.3,116,51.0,6,2,18,1,137294,59
1330,1,37,1,0,0,6.4,7.2,99,49.4,5,90,18,1,99959,36
1331,1,58,4,0,0,16.0,6.0,158,52.3,1,159,14,1,82430,33
1332,0,48,1,0,1,11.9,8.3,116,58.8,4,69,20,1,92843,41
1333,1,28,0,1,1,4.1,6.2,131,61.7,7,44,22,1,129779,59
1334,1,76,1,0,1,6.9,3.4,103,60.1,5,41,12,1,79395,43
1335,0,41,3,1,1,8.9,7.3,134,56.9,3,9,10,0,58102,27
1336,0,38,4,0,0,9.3,4.7,135,52.9,0,20,16,1,113381,26
1337,1,42,4,1,1,10.1,6.0,141,52.0,1,91,18,1,110350,43
1338,1,27,5,1,1,9.6,2.1,93,45.2,10,159,14,0,83746,60
1339,0,35,2,0,0,10.4,5.0,167,51.6,1,32,14,1,91772,36
1340,0,57,2,1,0,14.6,4.5,130,49.2,5,29,16,1,105424,58
1341,0,20,0,1,1,14.1,4.7,151,57.3,3,37,16,0,56762,35
1342,0,60,2,0,1,10.6,4.6,136,55.7,0,12,12,1,53815,48
1343,0,62,3,0,0,13.7,6.3,130,48.2,4,38,14,1,124961,60
1344,0,59,2,1,0,19.5,2.3,145,51.1,2,49,16,0,72181,46
1345,1,36,0,1,1,15.1,2.7,123,52.0,3,55,16,1,76441,38
1346,0,62,3,0,0,1.5,4.7,133,56.2,0,73,16,0,83201,57
1347,1,33,3,1,1,10.2,7.2,131,55.0,7,38,16,1,78078,65
1348,1,78,0,0,1,14.4,1.0,126,55.2,10,152,12,1,130620,69
1349,1,40,2,0,0,14.1,6.9,118,61.0,2,123,12,1,107428,38
1350,0,36,2,0,1,2.3,3.5,137,48.7,2,1,14,1,110331,48
1351,1,73,1,0,0,15.4,3.1,136,46.4,8,77,22,1,96090,45
1352,0,59,3,0,1,7.5,5.1,149,56.4,1,0,20,1,108872,42
1353,0,76,2,0,1,6.4,2.7,83,54.3,3,28,18,1,140428,58
1354,0,77,2,1,1,6.3,8.1,91,47.7,3,131,18,1,96750,58
1355,0,42,4,0,0,11.0,5.6,126,52.8,4,13,10,1,117946,30
1356,0,25,2,0,0,9.0,3.7,126,56.2,3,28,12,1,70946,36
1357,0,80,2,1,0,13.6,4.2,111,50.5,2,43,12,1,115966,41
1358,0,76,0,0,1,11.9,4.3,106,56.4,3,43,12,0,47805,26
1359,0,39,0,1,1,16.8,5.6,164,49.7,4,26,10,1,114870,47
1360,1,36,2,0,1,13.5,5.7,109,62.6,6,77,20,0,31751,56
1361,0,30,0,1,0,11.3,8.7,90,46.4,0,37,18,1,147047,56
1362,0,34,5,1,1,9.3,6.5,124,60.6,0,36,16,0,53924,32
1363,1,53,1,0,0,14.9,5.6,120,54.2,7,100,18,0,86425,48
1364,1,55,1,1,1,14.2,3.8,115,39.9,3,57,20,1,140167,59
1365,1,71,1,1,1,7.4,4.9,124,54.9,6,40,14,0,102307,61
1366,1,74,1,1,1,14.8,4.3,115,56.9,5,72,12,1,107528,68
1367,1,30,1,0,1,9.5,5.8,150,62.6,5,6,22,1,138265,36
1368,1,66,3,1,1,16.8,3.4,140,54.4,3,74,16,1,89406,43
1369,0,78,2,0,0,2.9,5.1,90,52.4,1,20,12,1,94396,31
1370,1,58,1,1,1,9.3,6.3,156,61.8,5,38,20,1,109209,65
1371,0,25,3,1,1,13.5,6.0,118,55.6,5,98,18,1,143317,50
1372,1,48,4,0,1,14.9,6.1,122,56.1,5,59,16,0,53728,39
1373,0,43,0,1,0,4.9,5.0,115,61.1,0,31,10,1,87450,34
1374,1,20,3,1,0,8.9,3.1,117,49.0,5,70,12,1,118856,47
1375,1,71,1,0,0,11.4,2.2,105,60.8,9,82,12,1,112881,52
1376,1,64,4,0,0,6.7,7.6,144,50.5,8,66,18,1,75759,51
1377,0,60,5,1,1,6.9,5.9,130,53.7,5,38,18,1,114975,54
1378,1,73,5,1,1,7.1,1.6,130,60.3,8,59,18,1,87963,60
1379,0,73,0,0,1,13.1,6.8,102,53.9,2,0,18,0,73121,30
1380,0,35,5,0,1,10.3,2.9,122,56.3,5,31,14,1,93176,54
1381,0,62,1,1,0,14.7,2.9,144,58.5,1,16,14,1,132026,40
1382,1,70,5,1,0,9.3,6.7,113,62.5,3,6,20,1,143035,36
1383,1,49,0,1,0,13.9,4.2,112,44.9,10,81,18,1,134262,62
1384,1,33,5,1,1,18.1,6.3,104,53.2,2,114,12,1,56301,59
1385,0,34,4,0,1,12.1,5.5,101,54.6,1,0,14,1,115059,42
1386,1,45,5,1,1,8.4,10.8,145,57.3,4,0,20,1,91126,60
1387,0,32,3,0,1,14.8,3.3,118,51.2,5,84,20,1,60366,46
1388,1,62,0,1,1,10.1,5.3,86,51.6,8,59,20,1,135720,47
1389,1,41,0,0,1,14.3,5.6,129,59.8,6,0,10,0,35887,29
1390,0,54,4,0,0,4.5,8.1,115,51.6,5,17,14,1,81425,57
1391,1,35,2,1,1,10.4,7.4,150,56.4,2,0,12,0,79872,44
1392,0,60,3,0,1,5.8,3.6,112,51.7,0,51,12,1,142892,41
1393,0,59,4,0,1,7.5,5.8,97,53.3,1,58,16,1,145810,55
1394,0,79,5,1,1,9.0,4.8,95,61.6,3,14,14,0,104909,30
1395,0,72,4,1,0,9.3,6.3,138,49.5,4,42,12,1,98632,65
1396,0,48,0,1,1,12.3,5.0,132,66.1,2,27,18,1,122502,49
1397,1,43,5,0,1,7.3,5.9,136,51.6,9,92,12,0,29651,40
1398,0,72,3,0,1,6.5,5.1,128,58.2,5,39,12,1,101287,34
1399,1,27,3,0,0,6.8,7.2,115,51.8,7,70,18,0,44780,46
1400,1,27,2,1,1,11.0,5.3,98,58.7,5,109,18,1,63851,60
1401,1,48,0,1,1,1.7,0.9,169,57.9,5,15,10,1,98403,44
1402,0,78,3,1,1,15.9,6.6,119,56.4,1,39,14,1,85602,43
1403,0,58,4,1,1,12.6,6.9,120,61.1,1,65,16,0,101081,51
1404,1,78,4,0,0,12.3,5.9,118,53.4,8,49,10,1,113270,52
1405,1,70,5,1,1,1.8,5.6,139,55.2,1,75,14,1,114402,60
1406,1,80,1,1,1,10.4,3.4,95,46.4,5,59,16,0,109564,51
1407,0,71,3,0,1,13.6,1.8,82,61.0,1,41,10,1,94917,34
1408,1,21,4,1,1,11.8,6.0,152,50.7,4,46,12,1,106214,38
1409,0,61,2,0,0,12.4,5.4,155,57.8,3,23,18,0,71894,35
1410,1,26,5,1,0,11.5,4.4,125,49.4,9,29,20,1,130689,57
1411,0,78,0,1,1,11.7,7.7,101,59.2,3,39,10,0,106076,55
1412,1,66,3,1,0,5.9,2.5,133,55.1,3,82,12,1,139574,45
1413,1,25,0,1,0,4.9,4.8,146,52.9,3,92,14,1,92682,57
1414,0,64,1,0,1,3.3,5.0,91,47.3,5,17,18,0,109695,25
1415,1,44,1,0,1,8.3,4.1,141,48.8,6,93,14,0,91793,58
1416,1,64,0,0,1,2.1,6.4,164,54.5,9,72,16,1,108164,56
1417,0,24,3,1,1,16.0,7.7,150,57.9,4,58,20,1,70681,57
1418,1,27,5,1,1,15.6,6.8,131,58.6,6,13,22,1,97657,39
1419,0,44,2,0,1,14.5,4.9,123,49.7,2,23,10,1,105031,49
1420,0,54,5,0,1,7.7,2.5,130,46.7,1,59,16,0,87574,23
1421,1,60,1,1,1,8.9,3.9,115,54.0,7,48,18,1,116647,43
1422,0,47,3,1,0,15.6,4.0,166,60.0,1,1,16,1,93259,46
1423,1,76,5,1,1,8.3,5.3,122,72.9,3,54,20,1,91424,61
1424,0,49,3,1,1,11.7,2.3,137,54.8,3,16,16,1,69519,59
1425,1,30,3,1,1,12.4,5.4,150,59.0,4,46,16,1,72268,64
1426,1,77,5,0,0,9.5,4.9,134,55.4,3,31,18,1,70238,32
1427,1,25,3,0,1,15.4,2.5,147,48.9,7,95,14,0,46712,54
1428,0,80,3,0,1,6.8,9.1,81,48.9,5,25,18,1,142654,40
1429,1,80,0,0,1,7.1,4.8,104,52.8,8,34,16,1,113584,60
1430,0,76,3,1,1,13.9,4.9,136,54.2,1,22,20,0,67716,39
1431,1,57,3,1,0,11.3,6.4,107,52.8,8,9,22,1,139822,54
1432,1,29,2,0,1,7.5,6.4,103,59.3,9,78,20,1,72354,52
1433,1,46,1,0,1,8.6,3.8,89,54.7,9,46,16,0,43758,39
1434,0,26,1,0,0,14.1,5.3,95,58.4,2,27,18,1,67754,34
1435,1,45,5,0,1,8.2,4.5,85,55.1,4,34,20,1,81970,36
1436,1,43,1,0,1,10.5,3.0,130,55.2,5,62,10,0,75105,37
1437,0,78,2,1,1,6.8,9.8,101,58.5,0,57,20,1,153953,51
1438,1,22,1,0,1,4.4,7.1,112,56.4,7,48,12,1,105953,36
1439,1,39,5,1,1,6.5,3.9,132,48.6,6,74,14,1,116978,57
1440,1,50,0,1,1,3.2,4.8,139,58.0,3,27,22,1,135578,61
1441,1,69,2,0,1,11.3,3.0,132,67.1,4,70,12,1,110064,31
1442,1,37,1,1,1,8.0,4.9,149,53.0,6,0,14,0,63728,40
1443,0,69,5,0,1,16.8,7.4,149,51.6,2,74,18,1,78591,45
1444,0,29,0,0,1,10.2,5.7,99,55.0,4,9,12,1,122223,36
1445,1,67,3,1,1,15.6,5.3,135,50.4,8,70,14,1,76781,37
1446,1,65,1,0,1,13.8,6.9,128,56.5,3,72,14,1,112728,61
1447,0,22,4,0,1,6.3,8.7,126,65.2,5,12,16,0,94028,51
1448,1,74,5,0,1,9.2,4.0,145,57.5,4,97,12,0,28941,34
1449,1,58,1,1,1,11.7,2.9,100,58.1,1,0,18,1,129471,36
1450,0,48,4,1,1,11.0,4.9,134,52.7,2,20,12,1,110584,42
1451,1,73,3,0,1,12.2,6.6,137,54.8,1,49,20,1,136776,27
1452,1,71,5,1,0,14.4,5.8,131,52.4,4,94,10,1,81095,45
1453,0,27,1,1,0,12.6,2.2,131,48.3,3,48,10,0,61358,43
1454,1,43,2,1,0,11.4,6.3,118,50.5,3,90,10,0,100060,36
1455,0,25,4,0,1,10.2,4.1,145,67.6,5,7,16,1,132341,53
1456,1,46,1,0,1,9.5,4.9,129,51.5,5,83,16,1,141628,40
1457,0,39,3,1,0,5.2,2.0,147,51.8,1,39,10,0,103138,35
1458,0,54,3,0,0,15.3,2.1,94,58.4,5,21,10,0,99767,30
1459,0,21,0,1,1,10.4,2.7,129,56.3,5,17,18,1,107276,57
1460,1,74,4,0,0,6.6,8.0,116,40.5,2,40,20,1,118912,50
1461,1,28,3,1,1,11.7,4.3,112,53.5,0,83,16,0,89183,53
1462,0,32,1,0,1,11.0,8.0,120,61.7,2,35,20,1,129791,29
1463,1,68,3,1,1,6.2,6.4,145,59.0,9,53,22,1,102144,67
1464,1,49,1,0,1,2.5,3.4,112,57.8,5,0,20,1,87926,53
1465,1,49,0,1,1,9.7,2.1,112,49.0,5,105,16,0,80315,54
1466,0,56,4,0,1,14.8,4.4,134,56.5,1,71,16,1,97682,58
1467,0,27,2,0,1,13.7,4.8,124,54.7,5,75,10,1,96405,58
1468,0,57,1,0,1,10.3,4.8,118,52.2,1,25,16,1,93421,38
1469,1,50,0,0,1,9.9,1.6,133,60.0,6,91,12,1,124089,52
1470,1,29,2,1,1,8.8,4.5,119,50.8,6,32,16,1,60004,39
1471,1,40,5,0,1,8.9,4.8,113,51.8,4,97,14,1,69450,43
1472,0,78,3,1,0,6.9,5.4,144,57.4,2,19,18,1,110418,47
1473,1,70,0,1,0,12.4,5.5,77,59.2,6,33,16,1,95961,63
1474,1,54,1,1,1,9.2,8.1,94,58.4,8,16,14,1,76792,48
1475,1,53,2,0,1,5.2,6.1,131,57.8,3,8,12,0,96349,52
1476,0,60,0,1,0,5.2,6.7,97,55.6,1,31,16,1,132674,43
1477,1,38,0,0,1,18.4,6.5,128,54.8,3,84,20,1,125471,43
1478,1,62,0,0,0,7.2,4.1,166,65.3,1,87,12,1,107464,31
1479,0,21,4,0,0,7.6,6.2,119,56.6,4,7,16,1,130986,26
1480,1,38,2,0,1,6.2,0.1,141,56.5,5,150,10,1,55509,63
1481,0,78,4,1,1,14.9,2.8,115,51.5,5,0,12,1,125911,40
1482,0,69,3,0,1,8.5,5.0,115,58.3,1,40,10,1,60378,51
1483,0,31,2,1,1,3.7,4.1,79,53.9,4,48,10,0,113702,43
1484,1,48,1,0,1,10.5,6.1,115,51.6,6,90,20,1,86668,38
1485,1,36,5,1,1,11.6,4.1,93,53.8,3,48,18,0,47209,57
1486,0,67,0,0,0,5.5,2.1,129,53.0,2,73,20,0,34129,32
1487,1,26,5,0,1,13.5,5.4,137,62.0,3,75,16,0,26913,51
1488,1,44,1,0,0,0.3,5.7,140,50.1,6,107,10,1,75558,49
1489,1,51,1,0,1,4.5,7.7,148,53.5,7,43,12,1,85464,53
1490,0,45,2,0,1,8.6,6.4,142,57.6,2,0,10,0,29774,21
1491,1,47,0,1,1,8.9,2.3,138,60.3,9,104,16,1,72595,47
1492,0,51,3,1,1,15.4,1.3,156,50.7,0,25,12,1,148170,36
1493,1,70,3,0,0,8.5,4.4,115,53.0,6,95,18,1,93890,61
1494,1,74,2,1,1,10.9,1.8,108,54.3,9,38,16,0,44039,34
1495,0,53,4,0,1,12.9,5.0,112,56.6,3,57,12,0,85296,33
1496,1,35,5,0,1,8.4,4.8,132,55.9,4,68,20,0,53731,31
1497,1,78,5,1,0,9.3,5.2,126,55.1,8,12,18,1,144910,59
1498,1,27,1,0,1,15.2,7.5,141,49.9,6,99,18,1,111463,51
1499,1,79,2,0,1,13.5,5.1,132,47.9,9,96,20,1,77098,36
1500,0,53,3,0,1,12.0,8.9,94,59.0,5,63,18,1,65162,53
1501,1,54,4,1,1,2.3,5.6,117,56.2,7,33,20,1,65621,66
1502,0,35,5,0,1,5.7,3.3,120,46.3,1,62,12,1,81098,35
1503,1,67,5,1,0,7.7,4.3,82,46.5,2,141,12,1,95787,70
1504,1,61,3,0,1,5.4,5.4,145,61.2,6,76,10,1,51716,30
1505,0,62,4,1,1,10.9,5.1,148,51.6,5,30,16,0,79273,51
1506,0,60,0,0,0,16.2,7.7,137,49.8,4,0,18,0,66522,33
1507,0,57,2,0,0,12.3,3.2,112,59.8,3,80,20,1,80470,60
1508,0,30,0,1,1,1.1,3.9,104,52.3,2,24,10,0,113616,55
1509,0,61,4,1,1,9.7,6.8,145,54.2,5,48,18,0,115523,51
1510,1,36,4,1,1,12.8,5.5,117,63.3,7,76,20,1,68605,55
1511,0,25,0,0,1,9.1,5.3,134,68.4,1,6,16,1,100750,37
1512,0,22,0,1,1,11.7,6.0,146,50.4,3,15,18,0,94227,36
1513,1,74,1,1,1,17.6,7.7,119,55.6,8,104,18,0,98165,47
1514,0,26,1,0,1,12.8,4.0,103,60.9,2,21,20,0,83328,34
1515,1,74,2,0,0,9.0,4.3,121,47.9,4,109,12,0,91610,55
1516,0,28,4,0,0,8.1,5.1,105,47.6,1,42,10,0,77794,42
1517,0,30,0,0,0,10.5,6.9,126,59.0,2,24,12,1,54585,52
1518,0,59,3,1,1,12.3,5.0,133,53.5,0,57,16,1,125592,41
1519,1,25,1,1,1,7.9,6.5,132,58.4,3,38,12,1,113191,64
1520,1,33,3,0,1,8.0,6.5,129,47.4,3,123,12,1,96274,53
1521,1,51,0,0,1,10.1,4.7,94,55.7,2,82,18,0,56634,39
1522,0,63,3,1,0,11.2,5.0,79,49.9,5,52,16,1,69380,48
1523,0,62,5,0,1,11.5,6.6,72,56.2,3,0,16,1,68818,25
1524,1,46,5,1,1,11.8,6.9,139,57.0,9,48,14,1,81261,35
1525,1,43,1,0,1,7.6,5.6,123,53.4,5,11,10,1,61616,49
1526,0,50,3,0,0,10.2,2.0,112,58.3,3,40,20,1,116261,31
1527,0,31,0,1,1,13.5,3.9,140,61.9,4,64,18,0,69793,64
1528,0,59,2,1,0,15.0,4.3,126,53.5,5,47,18,0,103806,55
1529,0,73,0,1,1,14.8,4.7,140,45.8,5,8,10,1,89568,54
1530,0,55,4,1,1,10.5,7.1,90,57.2,0,0,18,1,88649,40
1531,0,80,1,0,0,4.1,3.8,128,55.9,1,8,20,1,76614,41
1532,0,44,0,0,1,14.2,4.7,82,63.8,1,0,16,1,90528,33
1533,0,42,4,1,1,10.7,4.2,130,57.2,1,57,10,0,69664,36
1534,1,43,5,0,1,13.8,0.6,103,57.8,7,58,12,1,65604,45
1535,1,43,0,1,1,11.9,6.6,151,59.3,1,68,20,1,134613,56
1536,0,74,4,0,1,10.7,5.4,135,56.4,2,5,18,1,113111,27
1537,1,58,3,0,1,18.6,4.0,165,56.3,8,0,20,0,48866,51
1538,0,38,5,1,0,10.4,4.3,97,58.5,3,20,18,1,149444,42
1539,1,50,1,0,1,17.3,3.2,108,56.2,9,92,10,0,68656,45
1540,1,71,3,0,0,10.1,5.9,109,53.9,3,38,14,1,51809,54
1541,0,27,4,0,1,8.9,0.4,148,61.1,2,48,12,1,105805,40
1542,0,50,4,1,1,14.1,5.1,136,49.7,0,48,20,1,140805,56
1543,1,58,4,0,0,10.5,4.8,100,51.3,4,116,18,0,39581,31
1544,1,22,3,0,1,9.4,5.6,135,48.6,0,116,16,1,74852,31
1545,1,26,4,0,1,5.0,5.6,131,57.8,6,60,18,1,89627,38
1546,1,60,4,1,1,11.8,7.2,105,58.3,8,0,10,0,82067,29
1547,1,45,5,0,1,5.2,6.3,97,59.2,9,53,16,1,90311,45
1548,0,80,0,0,0,9.9,4.6,119,62.9,2,28,10,1,79049,55
1549,1,42,4,0,0,12.1,3.5,95,50.5,6,37,12,1,67950,46
1550,0,58,1,1,1,11.8,2.3,92,59.9,2,48,16,1,112765,59
1551,0,35,3,0,1,16.6,0.4,157,64.1,3,0,14,1,124137,52
1552,0,80,4,1,1,6.8,10.1,132,55.9,0,43,20,1,76819,58
1553,1,22,5,1,1,13.5,3.7,78,46.6,1,43,16,1,80939,44
1554,0,32,3,1,0,14.2,4.8,117,58.7,1,0,20,1,119785,43
1555,0,31,1,0,0,10.6,5.4,164,55.6,1,0,18,1,104459,39
1556,1,26,4,0,1,15.2,1.7,110,66.9,2,65,14,1,67173,45
1557,0,29,0,0,1,6.8,1.9,113,60.7,5,27,10,1,114968,55
1558,0,78,0,1,1,4.2,4.2,149,61.4,0,0,18,1,104208,51
1559,0,46,4,0,0,9.4,2.3,114,57.6,2,14,20,1,69985,55
1560,1,39,5,0,1,12.7,4.4,133,58.5,2,92,16,1,128385,56
1561,1,79,5,1,1,9.7,6.0,163,54.9,5,66,18,1,128190,54
1562,0,71,5,1,0,12.4,6.3,153,55.9,5,59,20,1,108835,38
1563,0,27,2,1,0,9.1,7.9,101,49.2,1,0,18,1,146994,35
1564,0,20,4,1,1,14.1,9.9,121,53.2,1,6,12,1,79657,41
1565,1,27,5,0,1,12.0,2.4,115,52.0,7,42,16,1,137056,41
1566,0,47,4,1,0,13.1,5.9,105,55.6,4,31,14,0,44097,46
1567,0,23,3,0,0,11.8,0.9,123,44.9,1,18,14,1,112660,58
1568,0,78,1,0,1,12.8,4.4,112,52.5,1,0,16,1,67654,27
1569,1,61,5,0,1,8.2,5.4,107,46.0,7,40,18,0,109583,34
1570,1,64,5,1,1,7.0,7.6,131,55.2,1,104,14,1,111539,44
1571,1,54,2,1,0,13.9,7.0,153,56.3,2,11,18,1,63369,42
1572,0,67,2,0,1,7.3,6.1,104,48.2,4,7,14,1,80190,34
1573,0,47,2,0,1,9.4,3.3,118,53.3,2,6,14,1,130838,45
1574,0,45,5,1,1,11.2,3.9,148,55.6,0,26,12,0,78433,29
1575,1,24,4,1,1,8.8,4.0,150,50.9,10,92,20,0,35757,64
1576,1,42,5,0,1,11.8,5.7,152,59.4,6,49,20,1,95013,39
1577,1,39,3,0,1,11.6,2.7,102,54.2,1,24,14,0,59084,32
1578,0,79,3,1,1,8.0,5.0,152,51.1,5,51,20,1,71835,43
1579,1,40,0,0,1,10.9,3.8,107,43.9,2,39,20,0,25890,45
1580,0,78,3,1,1,4.4,4.9,114,57.3,4,0,10,0,53095,49
1581,0,75,0,1,1,16.3,2.2,82,48.5,2,6,10,0,108733,58
1582,0,41,4,0,0,16.1,4.0,126,51.8,5,56,10,0,39566,38
1583,0,29,4,1,0,9.8,5.3,142,61.0,5,86,18,1,90953,48
1584,1,21,0,0,1,15.7,4.5,122,54.1,8,50,18,1,125160,35
1585,1,50,5,1,1,19.4,4.2,139,52.4,4,22,12,1,69974,60
1586,0,76,2,0,1,17.3,3.4,122,61.1,0,0,20,1,67553,54
1587,0,46,3,1,0,4.9,3.0,126,55.1,1,56,14,0,114507,44
1588,1,73,3,1,0,8.2,3.8,94,52.2,2,119,10,1,49503,63
1589,0,27,3,0,0,5.3,9.4,143,55.8,1,39,14,1,73089,25
1590,0,72,3,0,1,8.0,4.5,99,53.9,1,27,10,1,81016,39
1591,1,52,3,1,0,15.7,7.9,132,59.7,1,106,20,1,63811,67
1592,0,37,0,0,0,9.5,7.2,120,55.6,0,45,10,1,95984,51
1593,0,45,2,0,0,13.2,5.3,142,56.8,3,33,18,0,47517,55
1594,0,72,1,0,1,7.3,3.5,119,45.1,3,24,18,1,116957,29
1595,0,57,2,0,0,14.3,6.0,131,50.6,0,49,18,0,30379,45
1596,1,20,2,1,1,6.1,9.7,105,51.3,7,55,18,1,145107,46
1597,1,75,3,0,1,8.9,5.2,86,59.9,2,43,18,1,111063,40
1598,1,29,0,0,1,4.5,5.4,137,53.5,6,61,16,1,133763,48
1599,1,77,0,0,1,7.5,5.1,143,57.4,0,4,10,0,34206,46
1600,0,21,0,0,1,6.7,4.0,140,59.7,2,38,10,1,111960,53
